monthlyIncome,savingsTarget,savedAmount,investmentType,currentValue,purchasePrice,riskTolerance,outcome
125410,186499,84725,ETF,299.78,284.21,Low,Risky
149812,172459,68811,ETF,196.85,163.41,Low,Risky
81995,126238,95158,MutualFund,214.64,174.63,Medium,Moderate
92093,182797,138271,ETF,277.66,203.73,Medium,Moderate
125319,163753,144825,Stock,520.35,477.9,Low,Safe
146221,77597,63882,Bond,428.16,352.49,Low,Safe
140198,150264,137217,ETF,144.48,100.13,High,Moderate
77424,108397,99939,Stock,395.87,327.13,Medium,Moderate
143164,130293,91140,Bond,215.6,228.76,High,Moderate
91708,154873,76748,Stock,526.31,383.88,High,Risky
110390,183400,162386,Stock,659.66,449.83,Medium,Moderate
138498,180125,95491,Bond,400.59,349.44,Low,Moderate
145160,114317,67434,Bond,370.74,255.69,Low,Moderate
131776,116778,92909,MutualFund,388.24,303.43,Low,Moderate
97321,73799,71952,Stock,563.07,440.8,Low,Safe
138232,184935,160755,Stock,224.81,196.64,Medium,Moderate
139378,154183,106761,MutualFund,428.38,474.57,Low,Moderate
58286,198818,188396,ETF,397.52,269.72,High,Moderate
93096,125657,44396,ETF,163.58,126.5,Low,Risky
106690,170593,138803,ETF,495.63,335.42,Medium,Moderate
147977,51011,30892,ETF,263.82,255.49,Low,Moderate
117925,54191,32992,MutualFund,190.25,139.93,Low,Moderate
121905,182421,51516,ETF,313.13,250.04,Low,Risky
118164,58003,51242,MutualFund,585.81,450.94,High,Moderate
138432,160189,131206,Stock,211.25,217.2,Medium,Moderate
110278,142420,104085,MutualFund,225.86,166.92,Low,Moderate
138356,138662,133840,ETF,410.15,421.91,Low,Safe
135424,185596,50147,Bond,483.89,373.56,Low,Risky
87621,116165,65346,Bond,263.92,235.18,Low,Moderate
58633,111773,96957,Bond,209.27,184.32,Medium,Moderate
118302,52381,50784,Stock,158.37,144.24,Medium,Moderate
149131,126359,45898,MutualFund,435.26,333.74,High,Risky
95238,145711,48046,ETF,350.69,283.16,High,Risky
116513,55970,36534,ETF,205.3,203.74,Low,Moderate
55857,112190,56771,ETF,413.12,415.77,Low,Moderate
81711,89203,52067,ETF,677.5,479.52,Low,Moderate
139722,165935,40739,MutualFund,561.04,490.77,Low,Risky
63852,53906,52461,ETF,564.29,405.48,High,Moderate
98311,76595,32659,Stock,459.5,430.86,Medium,Moderate
120206,149845,55625,Stock,398.23,310.92,Low,Risky
52770,136927,68608,MutualFund,146.68,161.98,Low,Moderate
62085,114831,62038,Stock,119.67,120.88,Medium,Moderate
60120,198712,47442,ETF,323.8,241.92,Medium,Moderate
123563,198861,75444,Stock,188.19,194.88,Low,Risky
142220,125835,88911,MutualFund,377.57,295.05,Low,Moderate
146310,121383,52575,Stock,422.74,429.87,Low,Risky
103620,62687,36953,Stock,240.34,194.79,Low,Moderate
135400,144797,39710,MutualFund,499.2,403.25,Low,Risky
58968,129294,118859,ETF,380.84,257.12,High,Moderate
61583,168366,59857,MutualFund,118.01,110.28,Low,Risky
53120,90780,82104,Stock,246.61,184.77,Medium,Moderate
99839,140545,81347,ETF,392.63,311.82,Low,Moderate
98310,58548,49264,MutualFund,300.37,289.11,Medium,Moderate
124026,175872,148600,MutualFund,325.26,227.0,Low,Safe
121853,176167,130295,MutualFund,145.78,115.95,Medium,Moderate
78655,124481,83564,ETF,686.62,491.42,Medium,Moderate
82887,108069,42814,Stock,522.63,441.06,Low,Risky
134057,139708,71670,ETF,294.91,230.18,Low,Moderate
51208,183376,98943,Stock,704.48,491.16,Medium,Moderate
113522,128862,107214,ETF,513.94,383.08,High,Moderate
78952,111703,100881,MutualFund,173.61,122.59,Low,Safe
135918,70866,42932,Stock,502.76,480.32,High,Moderate
63557,185719,76565,MutualFund,436.64,332.26,Low,Risky
102233,102474,74634,MutualFund,657.31,454.96,Low,Moderate
96784,163451,86690,ETF,363.67,332.5,Medium,Moderate
87021,89592,59517,Stock,235.68,261.58,Medium,Moderate
120887,160910,52252,Bond,213.41,163.79,Low,Risky
116026,134708,59627,Stock,262.67,273.26,Low,Risky
93892,56118,51395,ETF,654.32,480.24,Low,Safe
76151,65595,45221,MutualFund,203.81,139.85,Medium,Moderate
102039,116745,56114,ETF,669.79,459.87,Low,Risky
108682,138062,65540,Bond,516.09,361.45,Low,Risky
137015,192818,140838,MutualFund,161.76,160.91,Medium,Moderate
149950,59823,39104,ETF,536.8,364.02,Low,Moderate
55832,190530,92646,MutualFund,341.22,231.91,Low,Risky
87978,154877,36945,Stock,167.98,156.86,High,Risky
70858,151770,128606,MutualFund,447.14,350.69,Medium,Moderate
139314,136332,119445,Stock,529.56,408.67,Low,Safe
123624,192844,151979,MutualFund,159.34,162.44,High,Moderate
126270,100975,83314,Stock,576.14,474.87,High,Moderate
132102,97924,60755,Bond,460.84,327.95,Medium,Moderate
99897,89810,86008,ETF,420.84,425.29,Low,Safe
149886,161080,113318,MutualFund,353.29,381.26,Medium,Moderate
71322,133603,101903,ETF,261.76,224.44,High,Moderate
125346,182306,153150,ETF,126.79,122.11,High,Moderate
69354,85636,50139,Stock,190.78,189.08,Medium,Moderate
95862,108579,49758,MutualFund,417.48,314.79,Low,Risky
119360,54572,52924,MutualFund,291.12,304.72,Medium,Moderate
83927,172560,166695,Bond,288.81,231.09,Low,Safe
145797,55509,30626,MutualFund,152.58,113.42,Low,Moderate
52217,177624,87115,ETF,364.47,265.78,Low,Risky
144400,130581,49103,ETF,203.36,138.67,Low,Risky
86083,179214,121572,Bond,195.19,140.73,Medium,Moderate
74644,181979,122061,Bond,191.28,130.01,Medium,Moderate
55470,77219,49236,ETF,570.49,489.48,Low,Moderate
85738,82799,69818,Stock,350.71,301.73,High,Moderate
145661,74261,30410,Stock,154.99,118.7,Medium,Moderate
119896,119124,31857,ETF,537.7,361.78,High,Risky
51598,189689,46424,ETF,510.24,360.88,High,Risky
73918,193128,93453,MutualFund,548.29,407.09,High,Risky
105883,193136,168580,ETF,215.45,198.16,Low,Safe
111298,137452,92381,Bond,609.51,420.33,Low,Moderate
148131,194454,162188,ETF,349.86,296.33,High,Moderate
137936,114846,73055,Stock,176.43,135.62,Medium,Moderate
66430,60637,58535,MutualFund,400.95,423.93,Medium,Moderate
63594,52504,31148,ETF,322.41,253.3,High,Moderate
50163,194319,151358,ETF,493.51,466.19,Medium,Moderate
59723,64541,61626,Bond,406.44,367.83,High,Moderate
74569,113436,48477,Stock,314.33,302.13,High,Risky
128507,119104,92710,Stock,216.82,230.84,Low,Moderate
118278,158786,134059,MutualFund,511.3,416.85,Low,Safe
57745,140372,98416,Bond,532.99,421.62,Low,Moderate
127868,190249,154854,MutualFund,310.25,210.16,Low,Safe
66078,91709,85544,ETF,362.84,377.72,Low,Safe
51106,111542,81082,ETF,335.11,359.91,Low,Moderate
74914,197027,149593,Bond,354.58,293.2,Low,Moderate
55239,167945,118695,Bond,242.43,165.2,High,Moderate
60181,144364,72801,Bond,380.98,280.68,High,Moderate
120598,84794,48046,Stock,163.12,140.57,Low,Moderate
132713,119264,54276,MutualFund,374.08,299.48,Low,Risky
119545,118131,117429,MutualFund,506.67,463.05,Low,Safe
135839,70272,48392,Bond,328.74,347.48,High,Moderate
137332,177214,167637,Stock,229.55,188.49,Low,Safe
57886,174227,69421,ETF,385.27,308.08,Medium,Moderate
138779,137667,98289,Stock,497.84,482.62,High,Moderate
101879,64322,47988,Bond,131.18,138.37,Low,Moderate
90446,139540,66636,Stock,323.81,308.64,Low,Risky
127617,89534,40380,Bond,305.95,293.98,Medium,Moderate
112021,129504,111310,Bond,445.53,463.11,Low,Safe
115973,76130,75722,ETF,681.67,468.89,High,Moderate
72552,114398,81119,Stock,358.76,285.62,High,Moderate
134554,163744,88303,Stock,221.2,197.96,Low,Moderate
104389,142721,116378,MutualFund,201.8,146.88,High,Moderate
94095,92543,44166,Stock,515.24,444.09,High,Risky
86161,194702,109518,MutualFund,354.19,308.47,High,Moderate
86999,184199,131267,Stock,225.47,191.14,Low,Moderate
57333,79193,58605,MutualFund,148.26,115.15,Low,Moderate
82949,193051,59406,Bond,313.12,209.04,Low,Risky
96528,117132,107446,MutualFund,648.43,466.94,Low,Safe
141686,153198,91679,Stock,155.78,171.93,Medium,Moderate
125513,172006,149933,Stock,126.34,110.0,Medium,Moderate
75258,56224,41955,Bond,280.99,285.38,Low,Moderate
94532,76907,70825,Bond,188.45,130.77,Medium,Moderate
59162,120266,108169,Stock,398.26,425.1,Medium,Moderate
143765,128587,94131,Stock,151.23,162.97,Low,Moderate
111934,125914,123524,ETF,410.79,375.29,Low,Safe
79744,176207,126522,Stock,270.46,289.3,Low,Moderate
57023,105467,74232,Bond,162.03,179.18,Medium,Moderate
131946,192222,121605,Bond,437.36,312.33,Medium,Moderate
74572,124154,43401,MutualFund,273.87,182.66,High,Risky
124761,138284,68351,Bond,232.77,174.24,Low,Risky
146170,166941,41519,Stock,110.59,107.43,Low,Risky
51329,72077,64144,Stock,265.36,220.59,Low,Safe
94053,51963,43398,Stock,340.89,366.94,Low,Safe
50802,67464,65748,MutualFund,586.86,414.51,Low,Safe
72714,185253,81271,ETF,504.42,353.88,Medium,Moderate
118542,197902,104113,MutualFund,133.68,110.86,Medium,Moderate
84974,157272,112904,Bond,210.94,207.79,Low,Moderate
57517,74201,38191,Bond,292.28,260.71,Medium,Moderate
129157,74781,72165,ETF,178.75,145.13,Low,Safe
108247,75803,70305,Bond,634.96,452.22,Medium,Moderate
100178,144217,44338,Stock,593.52,472.84,Low,Risky
61294,112587,34557,Bond,413.38,352.93,Low,Risky
56485,99471,81739,Stock,564.77,450.11,High,Moderate
60342,124171,39561,Bond,501.92,417.3,High,Risky
140288,142212,75321,MutualFund,154.01,157.52,Low,Moderate
144687,96095,67039,Bond,244.14,167.82,High,Moderate
85430,134947,132897,MutualFund,198.74,157.43,Low,Safe
92621,180947,156052,MutualFund,487.36,367.5,Low,Safe
126686,54647,48862,Stock,551.6,453.42,Medium,Moderate
143330,115397,35094,ETF,362.54,302.56,Low,Risky
146768,157990,141981,ETF,135.4,124.32,Medium,Moderate
61317,147602,102007,ETF,527.89,428.37,Low,Moderate
54844,131470,41853,Stock,563.35,479.94,Low,Risky
62081,178263,141184,Stock,253.41,182.32,Medium,Moderate
56933,167811,65145,Stock,502.59,456.27,High,Risky
57032,76251,43162,Bond,558.64,416.09,High,Moderate
60107,158515,155158,Bond,465.7,447.28,Medium,Moderate
63329,143454,35719,Bond,218.7,238.99,High,Risky
53363,63023,32998,Stock,191.42,181.5,High,Moderate
130162,158777,99980,ETF,192.68,200.7,Low,Moderate
68272,100969,69084,ETF,365.09,283.86,Low,Moderate
146350,182182,123881,MutualFund,538.34,453.14,Low,Moderate
112508,66429,40968,ETF,315.99,285.09,Low,Moderate
53553,65378,35679,ETF,133.98,113.82,Low,Moderate
122387,176570,174086,Bond,271.29,283.72,Low,Safe
148667,112419,92506,Bond,555.25,429.89,Medium,Moderate
101292,89177,72996,Stock,216.66,175.7,Medium,Moderate
53660,68953,62406,Bond,152.25,114.57,High,Moderate
100821,73683,46165,MutualFund,651.19,467.74,Low,Moderate
62997,181852,168667,ETF,485.98,327.57,Low,Safe
123989,193118,171615,Stock,398.74,318.6,Low,Safe
139391,155667,138586,Bond,312.05,221.99,Low,Safe
70424,145542,91025,MutualFund,349.2,384.82,Low,Moderate
133890,141798,54129,Stock,447.81,353.83,Medium,Moderate
110491,116524,90421,Stock,271.11,241.38,Low,Moderate
53543,152854,47419,MutualFund,370.41,388.31,Low,Risky
106038,66181,34214,ETF,404.44,310.03,Low,Moderate
128939,70676,63479,Bond,239.7,248.31,Low,Safe
127955,58401,58101,MutualFund,203.0,153.68,High,Moderate
121033,69261,44322,Bond,258.44,212.48,High,Moderate
91370,83188,57703,Bond,425.24,359.41,Medium,Moderate
91112,192020,88259,Bond,178.94,167.92,High,Risky
55079,114887,102512,ETF,168.54,121.69,Medium,Moderate
99611,75869,70100,Stock,523.0,418.58,Medium,Moderate
85369,192174,124841,MutualFund,574.61,442.57,Medium,Moderate
55108,76444,71343,Bond,511.95,417.88,Low,Safe
128909,117616,36359,MutualFund,571.78,391.69,High,Risky
120973,111312,79536,Stock,146.37,138.69,High,Moderate
73067,187965,171750,MutualFund,254.72,181.73,High,Moderate
51326,105283,63067,Stock,184.19,155.94,High,Moderate
71924,140154,113453,Bond,191.56,144.58,Low,Safe
69630,169125,66690,MutualFund,558.3,444.93,Medium,Moderate
143303,94290,89052,Bond,123.26,136.05,Low,Safe
65673,139993,51235,ETF,149.67,137.99,Low,Risky
78521,108419,38259,Bond,410.34,422.31,Low,Risky
62127,132043,95397,Bond,215.41,232.43,Low,Moderate
112062,84089,77192,Bond,368.82,340.45,Low,Safe
75259,59612,56101,MutualFund,384.72,351.21,Medium,Moderate
60275,53412,39745,MutualFund,475.27,406.52,Medium,Moderate
79449,72531,39683,Stock,325.84,360.85,Medium,Moderate
92762,78829,65791,MutualFund,349.04,301.93,Medium,Moderate
128349,79812,72558,Stock,318.34,245.37,Low,Safe
108645,190899,60972,MutualFund,334.53,285.48,High,Risky
60868,185868,130036,Bond,112.27,118.26,Low,Moderate
132452,111038,81755,Stock,450.1,375.14,Low,Moderate
83888,59866,44913,Bond,268.49,206.19,Low,Moderate
69655,128328,45813,Bond,257.98,178.55,High,Risky
127950,93878,51563,MutualFund,185.66,125.88,Low,Moderate
91043,196252,186192,MutualFund,140.97,123.82,High,Moderate
66137,144136,38434,MutualFund,113.56,116.11,Medium,Moderate
76488,134200,37132,Stock,309.56,335.12,Low,Risky
64693,63997,52387,Bond,472.3,483.58,Low,Safe
92376,172412,104618,ETF,293.71,301.21,Low,Moderate
121749,112226,56459,Bond,132.03,135.63,High,Moderate
123322,56131,53221,Stock,328.62,284.68,Low,Safe
103004,83862,59638,MutualFund,128.94,138.45,Medium,Moderate
128005,136270,99861,MutualFund,456.93,446.32,High,Moderate
111094,144234,107120,Stock,451.18,417.37,Low,Moderate
131902,132746,129671,Bond,123.52,125.15,High,Moderate
83804,194579,41162,ETF,116.06,128.87,Low,Risky
87614,197271,181292,Stock,427.38,334.15,Medium,Moderate
74151,101340,46285,Bond,399.03,379.34,Medium,Moderate
77861,138279,107203,Bond,208.38,142.42,Medium,Moderate
52695,172116,150211,MutualFund,290.25,305.25,Low,Safe
131077,78950,75914,Bond,502.06,410.77,Low,Safe
59463,149472,34377,MutualFund,294.99,227.04,Medium,Moderate
60623,167273,77864,Bond,400.75,338.55,Medium,Moderate
99164,144798,40058,ETF,363.06,333.95,Low,Risky
85298,182746,179556,MutualFund,662.37,493.14,Low,Safe
140979,108270,36532,Stock,393.49,331.57,High,Risky
91322,182185,152102,Stock,397.41,430.14,Medium,Moderate
99544,99914,96742,MutualFund,315.43,307.82,High,Moderate
120303,172995,99124,Stock,116.86,105.75,Low,Moderate
112094,181780,37895,Bond,333.52,295.69,Low,Risky
91795,153259,83868,Bond,264.84,177.34,Low,Moderate
123065,105098,98271,ETF,380.8,336.46,High,Moderate
126426,118315,62058,ETF,337.02,299.66,Low,Moderate
86365,144231,52465,ETF,179.81,143.04,Low,Risky
111772,109399,96461,MutualFund,555.8,458.09,High,Moderate
101326,188650,83811,Stock,417.84,461.65,High,Risky
140862,170186,142473,Bond,480.48,390.6,Low,Safe
61776,175078,141022,MutualFund,143.97,105.09,Low,Safe
136488,112369,33924,Stock,492.83,464.25,High,Risky
131301,75939,49658,MutualFund,569.04,440.87,High,Moderate
65930,148755,144108,Bond,487.65,421.93,High,Moderate
91698,56764,39109,Stock,422.34,340.98,Medium,Moderate
81200,171629,104096,ETF,458.44,368.12,High,Moderate
108440,169842,41705,Bond,452.52,301.87,Low,Risky
54306,181566,67107,Stock,402.37,271.02,High,Risky
88346,109028,87584,ETF,375.26,327.69,High,Moderate
57673,172465,38044,ETF,386.17,322.31,Low,Risky
119430,114285,64151,Stock,318.89,287.66,Low,Moderate
60447,79503,72832,Bond,349.75,280.68,Medium,Moderate
72187,104308,98548,MutualFund,393.86,406.42,Medium,Moderate
79149,108853,35038,Stock,137.37,146.77,Medium,Moderate
100205,114254,76855,MutualFund,192.83,128.81,Medium,Moderate
72474,81271,80413,Stock,358.78,246.64,Low,Safe
52579,109726,31487,Bond,193.09,165.85,Low,Risky
75234,67786,39049,MutualFund,198.2,138.69,Low,Moderate
56461,64488,30015,MutualFund,197.64,146.06,Low,Risky
123892,72778,40665,MutualFund,469.89,316.26,Medium,Moderate
125993,166352,131835,MutualFund,135.74,141.96,Low,Moderate
65777,89233,79351,Stock,395.82,422.71,Medium,Moderate
77889,119337,60114,ETF,143.43,151.13,Medium,Moderate
84534,131597,75432,Stock,641.02,447.16,Low,Moderate
129810,172485,35663,Bond,206.86,181.64,High,Risky
133016,108496,36496,Stock,360.79,288.05,Low,Risky
141341,186912,149764,Stock,506.74,405.58,High,Moderate
86686,61778,40864,Bond,475.59,338.1,Medium,Moderate
54783,182177,72950,MutualFund,406.41,299.77,Low,Risky
134816,188784,151701,Bond,207.09,140.3,High,Moderate
107753,197746,107192,Stock,332.96,343.7,Low,Moderate
60972,63951,52696,ETF,590.1,433.78,Medium,Moderate
75914,141353,139811,MutualFund,466.3,322.87,Medium,Moderate
87905,191484,69290,Bond,219.82,179.87,Low,Risky
91682,62020,59963,MutualFund,175.26,165.45,High,Moderate
97988,180562,32908,ETF,415.82,432.0,Low,Risky
72364,199232,140156,ETF,297.39,278.95,High,Moderate
126063,127940,51369,ETF,440.84,439.72,Low,Risky
103465,134984,101848,ETF,183.7,183.62,High,Moderate
128404,159048,142035,Bond,425.27,291.91,Medium,Moderate
84552,116416,46752,Stock,279.59,232.69,Medium,Moderate
146792,196784,165456,Bond,252.61,214.91,Medium,Moderate
88325,59739,57564,Bond,180.96,139.28,Medium,Moderate
99067,197659,184934,Bond,236.03,248.06,High,Moderate
133248,155695,149482,Bond,379.43,360.97,Low,Safe
128573,129164,82039,Bond,420.18,410.34,Low,Moderate
131708,85460,41490,ETF,270.86,286.42,High,Risky
92494,62054,37425,MutualFund,591.08,412.51,Low,Moderate
130894,53051,38123,Stock,257.52,276.36,Low,Moderate
118016,56087,50606,MutualFund,502.13,385.72,Low,Safe
80694,183155,124151,ETF,391.88,323.35,Low,Moderate
101973,144218,72901,Stock,559.96,428.98,High,Moderate
147751,193134,36327,ETF,409.59,278.23,Medium,Moderate
50431,104339,85769,MutualFund,304.91,311.22,Low,Safe
63019,67867,62939,Bond,608.23,454.53,Low,Safe
104328,101509,51330,Bond,438.33,328.36,High,Moderate
114329,172985,159160,Bond,308.51,221.61,Low,Safe
124185,154001,64039,Stock,468.31,447.35,Low,Risky
57216,65232,55773,Bond,256.88,220.92,High,Moderate
50909,107324,69248,Bond,139.21,119.3,Medium,Moderate
134177,100699,72312,Stock,647.02,475.55,Medium,Moderate
95279,89248,38986,MutualFund,422.96,331.44,Low,Risky
144009,115897,114827,MutualFund,145.51,118.07,Medium,Moderate
149816,191125,161743,ETF,519.82,353.77,Low,Safe
125730,156423,97390,ETF,391.24,417.64,Low,Moderate
99864,70493,48859,Stock,194.27,141.96,Low,Moderate
141795,121607,116004,Stock,351.79,267.6,Low,Safe
83889,112519,62808,MutualFund,382.46,284.62,Low,Moderate
116826,91662,85165,MutualFund,400.06,312.94,Low,Safe
77328,159227,92613,ETF,377.56,368.45,Low,Moderate
148948,126687,101000,Bond,231.26,172.16,Medium,Moderate
113603,66384,50079,MutualFund,543.52,499.56,High,Moderate
104601,164185,124142,Bond,589.41,491.17,Medium,Moderate
125991,120540,50816,Stock,536.28,469.78,Medium,Moderate
133033,96096,48307,MutualFund,166.84,119.73,Medium,Moderate
75998,126477,120953,Bond,401.97,287.67,Medium,Moderate
87555,148458,91435,Stock,493.41,460.02,Medium,Moderate
104781,166057,142908,ETF,429.14,298.65,Low,Safe
135070,51350,36995,Bond,320.64,291.71,Medium,Moderate
114535,76928,34445,ETF,587.75,399.08,Low,Risky
60321,125846,78047,ETF,312.79,223.22,Low,Moderate
133140,168200,44659,MutualFund,344.81,328.39,Low,Risky
99711,78815,42229,Bond,508.83,467.83,Medium,Moderate
62246,195603,108875,Stock,402.47,419.25,Medium,Moderate
121001,77215,61730,ETF,176.02,158.12,High,Moderate
134188,57990,34231,MutualFund,326.69,318.29,High,Moderate
148924,100470,89526,Stock,532.55,375.93,High,Moderate
64549,96828,87218,Stock,505.1,376.42,High,Moderate
125730,96556,59551,Stock,162.78,116.52,Low,Moderate
83162,126819,80997,Stock,174.85,161.84,Low,Moderate
57694,153368,146279,Bond,563.18,398.65,Low,Safe
76790,149348,62330,Bond,159.8,164.71,Low,Risky
88098,64105,42507,Stock,369.77,403.36,Medium,Moderate
135238,199435,126890,MutualFund,201.22,187.31,Low,Moderate
66665,171796,91673,ETF,514.39,444.85,Low,Moderate
86179,88099,40148,ETF,264.52,197.26,High,Risky
51851,172577,167735,MutualFund,397.06,397.88,Low,Safe
120053,157193,103435,Bond,369.26,303.74,Low,Moderate
80591,197230,78489,Stock,167.0,120.73,Low,Risky
67538,71236,63360,ETF,381.72,256.47,High,Moderate
77804,188802,38102,MutualFund,437.4,364.04,Medium,Moderate
131692,131562,31117,MutualFund,183.81,125.16,Low,Risky
90637,84220,71900,Bond,286.15,199.02,Low,Safe
81827,133191,32787,Bond,575.33,409.34,Low,Risky
70502,55541,54765,Stock,339.9,226.92,Low,Safe
93165,186354,48525,Bond,378.64,280.57,Low,Risky
60682,100229,93109,MutualFund,338.47,372.77,Low,Safe
149338,109021,82363,Stock,382.29,283.61,Low,Moderate
122710,83314,69499,Bond,162.27,108.34,Medium,Moderate
125576,114835,102442,Bond,354.37,328.08,Low,Safe
115638,172153,88066,Stock,445.17,468.11,High,Moderate
56230,115295,67697,ETF,495.19,465.15,Low,Moderate
54026,173030,137143,MutualFund,457.9,386.36,Low,Moderate
107158,140501,115134,ETF,491.95,331.63,High,Moderate
128187,95943,55487,MutualFund,181.73,197.27,Medium,Moderate
149080,180712,93388,ETF,696.17,465.61,High,Moderate
78717,133412,82326,ETF,565.33,440.73,Low,Moderate
94746,172880,110335,MutualFund,129.13,136.58,Low,Moderate
73502,71570,40980,ETF,350.47,281.14,Low,Moderate
76188,93904,62412,MutualFund,274.41,212.6,Low,Moderate
88768,142669,86973,MutualFund,269.53,184.02,Low,Moderate
112446,98599,38060,MutualFund,618.72,453.39,Low,Risky
119718,56992,49042,Stock,297.61,213.5,High,Moderate
81306,158384,73552,Stock,409.35,367.19,Low,Risky
131040,167788,53807,ETF,516.16,374.21,Low,Risky
123148,61284,56231,Stock,676.75,483.42,Medium,Moderate
111166,192951,121648,Stock,327.98,233.43,Low,Moderate
51593,76363,41731,Bond,538.29,478.75,High,Moderate
141505,155420,145936,Stock,364.88,345.4,Low,Safe
102257,156590,145972,Stock,220.82,147.3,Low,Safe
67927,151532,108508,ETF,145.88,103.24,Low,Moderate
79600,184929,161792,ETF,531.93,470.57,Medium,Moderate
124207,67900,54070,Stock,244.19,256.11,Medium,Moderate
129354,172365,55011,MutualFund,149.35,126.43,High,Risky
56303,72119,57533,ETF,135.98,109.27,Low,Moderate
91932,84544,77586,ETF,492.0,421.2,High,Moderate
118002,174409,123058,Bond,193.52,141.52,High,Moderate
63417,133381,78825,ETF,240.09,165.71,High,Moderate
129702,85990,47131,Bond,216.97,172.98,Low,Moderate
107232,106000,30846,ETF,551.4,433.6,Low,Risky
54482,128502,109149,ETF,310.44,238.83,High,Moderate
101855,55578,35165,Bond,542.23,385.66,Medium,Moderate
85108,78933,41517,Stock,151.44,108.36,Low,Moderate
136389,70881,55664,Stock,172.16,121.55,Medium,Moderate
55289,134127,50023,MutualFund,541.2,452.79,Low,Risky
51076,56559,47015,ETF,351.6,260.78,Low,Safe
76811,140397,61753,Stock,503.09,464.29,Low,Risky
88226,150198,78721,Stock,205.02,183.74,High,Moderate
142827,72872,58511,Stock,278.45,275.86,Low,Safe
126133,145130,50165,MutualFund,196.99,191.89,High,Risky
136718,187226,49867,Stock,164.62,164.46,Low,Risky
73027,140491,126653,Bond,259.99,232.4,High,Moderate
72416,147049,113817,MutualFund,437.12,411.11,High,Moderate
70971,96300,36272,ETF,144.39,155.07,Medium,Moderate
85357,185944,60240,Bond,552.17,384.2,High,Risky
129477,143000,50157,Stock,472.41,424.21,Medium,Moderate
141738,176701,61639,Stock,503.53,409.58,Medium,Moderate
124964,120921,65279,Bond,207.03,169.73,High,Moderate
117890,155635,78064,MutualFund,415.96,291.65,Low,Moderate
108071,78619,73018,Stock,326.73,257.45,Medium,Moderate
92189,78144,39199,Stock,436.82,454.5,Medium,Moderate
93759,196033,68561,MutualFund,292.47,256.2,Low,Risky
132991,169036,106526,ETF,451.68,382.21,Medium,Moderate
128649,98796,98631,Stock,186.61,192.99,Low,Safe
140246,114281,42671,Bond,267.44,289.01,Low,Risky
50576,138581,109519,Bond,227.82,230.41,Low,Moderate
62218,184023,127283,ETF,211.84,156.05,High,Moderate
105531,169026,106985,ETF,284.15,296.93,Medium,Moderate
119997,119203,39553,ETF,386.03,301.63,Low,Risky
87524,186667,88755,Stock,648.89,493.32,Medium,Moderate
55089,198957,136636,ETF,459.07,454.34,Low,Moderate
100368,122399,74886,ETF,477.67,499.78,Low,Moderate
93889,77398,35901,Stock,278.44,308.66,Low,Risky
86072,117329,75921,MutualFund,592.69,401.0,Low,Moderate
103759,63451,59519,ETF,121.21,134.04,Low,Safe
56308,64401,39451,MutualFund,237.59,222.91,Medium,Moderate
126660,55165,51744,Stock,545.94,372.69,Low,Safe
71529,170564,51293,Bond,656.85,461.84,Medium,Moderate
53503,76849,39633,ETF,708.26,486.56,Low,Moderate
145715,85464,40070,ETF,152.4,162.75,Low,Risky
138378,107100,68820,ETF,443.96,422.87,Medium,Moderate
80008,129449,41552,Bond,272.93,299.95,Low,Risky
83338,180989,119477,Bond,462.2,350.93,High,Moderate
68898,82654,80132,Bond,254.94,203.64,Low,Safe
109274,78678,40005,Stock,293.71,254.67,Low,Moderate
136182,190529,50502,MutualFund,504.06,387.08,High,Risky
67340,198467,153395,Bond,503.46,350.74,Low,Moderate
52650,191001,114055,MutualFund,322.69,329.95,High,Moderate
63300,77535,59872,MutualFund,379.9,360.39,Low,Moderate
88677,130122,128429,Stock,354.27,237.92,High,Moderate
67091,73195,54173,Bond,446.72,347.31,Low,Moderate
109670,86880,84223,Bond,220.34,152.27,Low,Safe
111488,186916,177762,ETF,719.9,485.95,Low,Safe
136800,180751,178620,Stock,377.77,297.36,Low,Safe
146666,141069,47157,Stock,249.6,171.05,Low,Risky
50280,97795,38493,ETF,271.22,185.71,High,Risky
66874,146076,35726,ETF,482.41,396.7,Low,Risky
125655,179218,174949,ETF,244.82,257.39,High,Moderate
52413,122580,30654,Bond,326.06,322.84,Low,Risky
138477,152115,148037,ETF,513.86,373.98,Medium,Moderate
53402,127121,96629,Bond,237.15,253.27,High,Moderate
89604,50983,44233,MutualFund,186.95,136.48,High,Moderate
52342,69068,64977,Stock,596.3,473.73,Low,Safe
121711,176727,173111,Bond,423.5,408.1,Low,Safe
86941,179763,98252,ETF,266.57,256.82,Medium,Moderate
69422,129679,47920,ETF,266.93,236.06,Medium,Moderate
96496,169897,32665,MutualFund,213.96,235.21,Medium,Moderate
64115,82369,74315,ETF,207.46,207.59,Low,Safe
138441,75731,32251,Bond,165.37,122.83,Medium,Moderate
108496,170439,142215,Bond,561.67,414.7,Medium,Moderate
58169,150767,133715,Stock,278.95,266.3,Low,Safe
139489,95002,73701,Bond,353.84,344.16,Medium,Moderate
118356,87923,30439,Bond,578.75,439.83,High,Risky
114118,109283,99917,MutualFund,541.01,441.83,Low,Safe
147656,151313,149652,ETF,549.14,367.57,Medium,Moderate
109380,114156,36721,Stock,122.36,121.81,Low,Risky
132047,148402,132384,MutualFund,348.95,358.21,Low,Safe
65790,80661,51589,Stock,185.42,133.76,Low,Moderate
115940,126212,101396,ETF,178.94,178.88,High,Moderate
110879,136275,86526,MutualFund,230.96,232.25,High,Moderate
144453,81571,30699,MutualFund,257.03,218.9,Medium,Moderate
122909,68288,44077,MutualFund,233.41,178.46,High,Moderate
75524,170984,49665,MutualFund,501.79,384.69,Medium,Moderate
75442,185966,169964,Bond,251.05,204.01,High,Moderate
74600,143378,104312,MutualFund,380.32,323.68,High,Moderate
105856,139915,110645,ETF,167.92,112.55,High,Moderate
113756,97954,72238,Bond,406.04,416.4,Low,Moderate
90290,129403,31509,MutualFund,183.08,147.31,High,Risky
132210,74748,56841,Stock,442.91,335.14,Low,Moderate
131178,197814,141565,ETF,457.09,420.48,Low,Moderate
115342,77691,43879,ETF,160.13,153.07,Low,Moderate
54650,67254,55673,Stock,516.88,476.44,Medium,Moderate
51928,152414,147319,Bond,249.73,244.14,Low,Safe
100647,92558,31269,MutualFund,104.16,103.12,Medium,Moderate
103155,162250,60063,MutualFund,170.59,186.8,High,Risky
122544,133447,124714,Stock,545.41,393.5,Low,Safe
100669,51677,45400,Bond,543.76,459.09,Low,Safe
132728,181613,88840,Bond,492.86,461.07,High,Risky
55889,163249,89847,ETF,404.95,279.6,Low,Moderate
113233,84966,70187,Bond,411.9,311.9,High,Moderate
126618,161372,108199,ETF,150.4,118.85,Medium,Moderate
143689,190846,137786,Bond,377.61,272.0,Medium,Moderate
86045,96226,47440,Bond,412.04,398.0,Low,Risky
127608,86082,42352,Stock,134.08,100.84,Low,Risky
72541,96200,33330,Stock,364.86,380.7,Low,Risky
141580,123876,88016,MutualFund,244.62,267.59,Medium,Moderate
93016,177432,158651,Stock,136.26,110.92,Low,Safe
55652,173775,110406,Bond,416.28,427.05,Low,Moderate
50333,62311,58118,MutualFund,669.78,463.54,Low,Safe
75598,197636,183894,MutualFund,467.57,471.77,High,Moderate
99242,112533,55302,Bond,334.79,320.66,Low,Risky
104454,112035,45600,ETF,349.62,276.64,Low,Risky
128684,150939,38110,MutualFund,464.45,421.9,High,Risky
146577,185951,113287,MutualFund,488.52,420.14,Low,Moderate
141146,145090,126293,Stock,326.05,265.57,Medium,Moderate
52108,188685,42840,ETF,304.75,321.48,High,Risky
143834,83273,59666,MutualFund,131.87,142.07,Low,Moderate
93283,139843,68782,MutualFund,291.82,250.7,High,Risky
60654,190724,148508,MutualFund,487.4,356.05,Low,Moderate
115873,112017,68163,Bond,212.14,146.47,Low,Moderate
75922,63919,52039,ETF,554.24,390.88,Medium,Moderate
142284,167587,46161,Bond,308.92,254.24,Low,Risky
91939,143167,49991,ETF,490.13,346.43,Medium,Moderate
116811,142221,41439,Bond,489.41,489.17,Low,Risky
75846,133927,48133,Stock,359.11,320.46,High,Risky
79577,188159,110881,Stock,167.39,169.62,Low,Moderate
92203,80207,50799,Bond,190.53,147.33,Low,Moderate
75969,173570,166600,ETF,419.79,429.84,Medium,Moderate
126388,97286,85706,MutualFund,144.83,129.44,Low,Safe
129093,52452,38594,MutualFund,381.3,318.51,Low,Moderate
131640,184689,103432,MutualFund,422.11,409.36,Medium,Moderate
114284,91100,68004,Stock,400.19,413.68,Low,Moderate
76661,91159,67242,Stock,377.64,387.06,Medium,Moderate
58926,65012,52893,MutualFund,224.54,245.42,Low,Safe
59140,182920,84543,Stock,234.06,199.56,Low,Risky
94776,119869,32832,MutualFund,184.59,204.51,Low,Risky
139012,83868,64924,Bond,633.14,479.23,Medium,Moderate
79301,86670,41692,ETF,579.19,452.57,Medium,Moderate
105514,156590,121623,Bond,150.29,104.49,Medium,Moderate
93524,88058,44850,MutualFund,236.03,199.86,Medium,Moderate
132272,168939,54868,MutualFund,244.15,190.85,Low,Risky
147177,188194,34113,ETF,604.89,432.03,High,Risky
112729,114980,74422,MutualFund,511.64,423.89,High,Moderate
136095,63173,41443,MutualFund,357.97,354.39,Medium,Moderate
108358,107502,68823,MutualFund,359.28,246.23,Low,Moderate
83028,86400,83467,Stock,484.74,326.08,High,Moderate
69983,110718,68831,MutualFund,366.0,350.07,High,Moderate
64328,89869,63051,ETF,166.74,123.34,Medium,Moderate
143313,187355,56336,Bond,261.44,280.57,Medium,Moderate
99027,118286,39974,ETF,510.55,384.16,High,Risky
105146,193484,182887,Bond,271.44,240.03,Low,Safe
146111,79117,46493,Stock,301.61,317.92,Medium,Moderate
75390,176813,126746,ETF,327.63,323.48,High,Moderate
142625,70910,59380,Stock,426.08,324.72,Low,Safe
85573,164969,103979,MutualFund,430.6,348.51,Low,Moderate
52124,183995,106709,MutualFund,420.41,445.4,Medium,Moderate
117166,174204,148692,Stock,460.62,429.49,Medium,Moderate
149098,130839,43381,ETF,670.85,466.84,Low,Risky
57301,115779,64423,Stock,260.23,189.08,Medium,Moderate
148015,132382,85637,MutualFund,173.82,139.82,Low,Moderate
112384,125602,59327,Bond,470.1,378.86,Low,Risky
120418,73077,65177,MutualFund,220.27,158.27,Medium,Moderate
69731,198491,48585,ETF,382.06,268.44,Low,Risky
53042,112136,65299,MutualFund,169.44,164.84,Medium,Moderate
92877,119634,42685,ETF,433.26,458.36,Low,Risky
51756,149835,39427,MutualFund,416.49,381.47,High,Risky
83641,104634,92804,ETF,184.07,157.77,High,Moderate
104234,101822,95192,MutualFund,645.85,463.02,Medium,Moderate
90309,117821,83926,Stock,424.35,465.18,Low,Moderate
70835,103291,62805,Stock,546.16,394.89,Low,Moderate
128413,183185,56493,Stock,184.74,184.04,Low,Risky
126746,150118,104508,Bond,392.05,281.66,Low,Moderate
59845,71973,53343,Bond,360.27,340.95,High,Moderate
57796,172222,142882,Stock,642.51,490.51,High,Moderate
139122,77911,35153,ETF,278.02,219.06,Low,Risky
109655,62542,39901,Stock,232.06,167.14,Low,Moderate
144105,104510,97757,Bond,192.58,154.85,High,Moderate
146051,85259,32332,ETF,419.71,280.22,Low,Risky
92426,191090,146948,Stock,276.63,281.02,Low,Moderate
87355,107367,77783,Stock,334.11,332.41,High,Moderate
129833,60968,52233,ETF,262.25,214.12,Low,Safe
121173,142970,91962,MutualFund,119.12,107.48,Low,Moderate
136435,135557,101462,Bond,428.15,383.69,Medium,Moderate
74308,50096,49064,Bond,128.96,101.27,Medium,Moderate
134979,187947,145756,ETF,200.19,199.74,Low,Moderate
93915,62862,41317,Stock,267.54,277.04,Low,Moderate
109221,127368,60817,Bond,538.37,482.98,Low,Risky
71788,167849,104570,Stock,226.79,196.68,Low,Moderate
50712,138618,84074,ETF,609.4,444.04,Low,Moderate
112956,189760,95926,MutualFund,629.28,423.86,High,Moderate
73413,102671,60717,MutualFund,306.51,334.19,Medium,Moderate
146244,190523,145836,ETF,633.42,465.17,Low,Moderate
125651,106965,74533,Bond,605.25,478.75,High,Moderate
111691,188432,128662,ETF,373.96,257.01,High,Moderate
56718,176832,123367,MutualFund,173.27,120.96,Low,Moderate
86855,133519,48463,Bond,164.24,119.51,Medium,Moderate
51605,188063,96865,ETF,526.17,410.03,Low,Moderate
70174,154276,151903,MutualFund,565.66,426.38,High,Moderate
137436,175497,89627,MutualFund,272.4,223.34,Low,Moderate
125185,188221,117951,Stock,108.99,114.76,High,Moderate
75429,150440,43577,Stock,469.33,416.3,Medium,Moderate
94581,114619,42163,Stock,269.88,236.07,Low,Risky
97179,138450,70286,Stock,308.29,323.82,High,Moderate
104815,187124,142020,ETF,671.32,453.18,Low,Moderate
87886,65597,47611,MutualFund,358.11,242.57,Low,Moderate
138571,55042,52697,MutualFund,184.68,148.01,Medium,Moderate
139123,172633,43003,Bond,210.18,158.96,Low,Risky
110454,112629,94973,Bond,267.59,217.23,Low,Safe
129730,140145,86901,ETF,146.25,131.92,Low,Moderate
122096,143655,54715,ETF,581.71,402.11,Medium,Moderate
116653,59420,32549,Bond,567.85,393.46,Medium,Moderate
91699,168290,45540,MutualFund,361.73,248.64,High,Risky
90327,58798,46532,Bond,559.39,497.32,Low,Moderate
134743,184022,158266,Stock,231.84,184.45,High,Moderate
102801,194644,91269,ETF,158.47,157.97,Low,Risky
136058,190740,172967,MutualFund,152.95,104.54,Low,Safe
64289,64633,48187,MutualFund,641.96,431.56,Medium,Moderate
56995,127982,50146,Bond,511.4,364.62,High,Risky
98233,79663,37640,Bond,208.43,189.23,Low,Risky
79294,114155,104973,ETF,118.4,104.41,Low,Safe
118446,76244,74380,MutualFund,138.34,112.2,Low,Safe
113230,63125,40170,Bond,545.69,466.91,High,Moderate
80528,190670,98467,ETF,428.13,307.07,Low,Moderate
86609,61138,32317,Bond,357.23,252.81,Low,Moderate
55865,65293,45878,MutualFund,232.36,198.93,High,Moderate
86689,197292,176002,Stock,125.87,102.68,Low,Safe
63887,115477,77158,Bond,254.05,268.51,Low,Moderate
106890,156102,110045,Bond,285.9,276.2,Low,Moderate
136905,114660,77592,Stock,657.26,459.77,Low,Moderate
128360,69834,43212,Bond,192.43,155.23,Low,Moderate
64793,129997,62853,Bond,559.48,404.2,Low,Risky
98326,70119,62642,Bond,204.79,195.22,Low,Safe
144622,149216,107660,MutualFund,206.68,215.99,Low,Moderate
51244,64561,53446,Bond,577.58,464.95,Low,Safe
64260,176542,116658,Stock,267.7,209.73,Low,Moderate
124156,87814,42032,ETF,549.04,433.51,Low,Risky
88475,62606,43169,MutualFund,536.0,451.0,Low,Moderate
86915,75326,61225,MutualFund,265.66,220.77,Medium,Moderate
96983,95886,62967,Bond,298.44,262.25,Low,Moderate
149317,147875,76351,Stock,207.33,196.35,Low,Moderate
73834,65959,31822,Stock,171.51,143.44,Low,Risky
137557,96742,54767,MutualFund,346.78,314.25,Medium,Moderate
104786,89944,64243,Stock,525.91,466.81,High,Moderate
55669,169443,84934,ETF,193.97,137.74,Low,Moderate
131714,162369,143499,MutualFund,589.29,397.48,High,Moderate
75770,84967,78591,Stock,563.87,468.7,High,Moderate
140812,102862,97875,MutualFund,188.06,206.13,Low,Safe
54557,185504,47546,Stock,139.88,149.57,Medium,Moderate
53364,60581,30237,ETF,690.72,488.71,Low,Risky
115513,160215,59700,Stock,343.44,292.36,Medium,Moderate
82812,62982,55494,ETF,516.27,499.63,Low,Safe
69058,72392,48147,Stock,591.57,450.48,High,Moderate
101151,60089,45302,ETF,323.33,336.73,Medium,Moderate
142709,178160,84190,Stock,189.19,207.47,Low,Risky
113290,187386,156542,Bond,452.08,309.49,Low,Safe
72202,83870,36333,ETF,326.41,279.84,Low,Risky
133471,55669,45279,Stock,119.82,129.75,Low,Safe
74668,102548,55691,MutualFund,434.23,405.78,Medium,Moderate
75702,111038,33699,Stock,221.23,163.06,Low,Risky
71861,159759,95150,MutualFund,498.54,387.71,Low,Moderate
106744,134816,30327,ETF,213.41,152.81,Medium,Moderate
60232,182607,102795,Stock,474.28,490.01,High,Moderate
73423,72080,59615,ETF,185.17,189.76,Low,Safe
86166,152417,61464,Stock,618.38,461.55,Low,Risky
115533,165117,128150,MutualFund,244.5,189.96,Low,Moderate
134683,175904,46096,ETF,337.99,336.91,High,Risky
96535,140618,106380,Bond,439.61,410.23,Low,Moderate
78065,117271,58637,MutualFund,510.32,353.99,Low,Moderate
104284,137069,104695,MutualFund,179.28,192.68,Low,Moderate
132739,178248,148732,Bond,275.7,270.77,High,Moderate
62161,58746,47518,MutualFund,347.94,271.06,Low,Safe
125968,181222,118488,Stock,610.5,455.39,Low,Moderate
54888,61108,58571,ETF,520.08,461.61,Low,Safe
124775,119123,50627,ETF,327.86,304.97,Low,Risky
123793,77972,42820,Bond,625.74,433.98,Low,Moderate
74455,104802,35525,Stock,428.84,448.25,High,Risky
129660,68874,55861,Bond,499.94,444.44,Medium,Moderate
78815,194458,58096,MutualFund,213.61,179.86,Low,Risky
122861,128776,101361,ETF,269.12,247.02,High,Moderate
82611,97039,49163,ETF,262.34,190.36,Medium,Moderate
59440,187027,51687,MutualFund,345.98,377.23,High,Risky
74379,164819,127797,Bond,365.15,392.33,Low,Moderate
91707,101701,43467,MutualFund,133.97,125.68,Low,Risky
137653,103648,89060,Stock,278.03,212.17,High,Moderate
89276,159616,129894,ETF,141.27,131.29,Medium,Moderate
73192,197265,103734,Bond,390.14,305.14,Low,Moderate
83520,102823,62346,ETF,472.0,423.25,High,Moderate
97692,111114,93699,MutualFund,593.67,493.91,Low,Safe
113676,171706,146993,ETF,499.06,379.11,High,Moderate
92682,108727,56394,Stock,154.97,125.99,Low,Moderate
58893,171795,74299,ETF,404.8,273.52,High,Risky
64129,197181,77215,Bond,456.09,410.34,High,Risky
102447,147656,72031,ETF,181.76,156.89,High,Risky
96138,149135,53298,Stock,481.95,334.65,High,Risky
127742,106588,46304,Stock,285.89,278.09,Low,Risky
50509,84311,46540,ETF,136.79,124.05,Low,Moderate
64432,187047,111051,Stock,323.79,312.3,Low,Moderate
71974,120682,83044,Bond,408.74,274.59,Low,Moderate
116316,82824,75170,Bond,106.69,110.25,Low,Safe
103078,79490,35744,MutualFund,105.19,108.99,Low,Risky
135027,99547,65979,MutualFund,268.27,249.0,High,Moderate
55604,164953,35528,MutualFund,482.77,482.63,Low,Risky
70982,59775,37746,MutualFund,144.75,143.52,Low,Moderate
132652,166686,52714,Stock,241.74,166.97,Low,Risky
103404,120879,57121,Bond,537.79,363.24,High,Risky
53770,58722,57134,MutualFund,388.58,425.34,Low,Safe
105953,180742,59722,MutualFund,430.86,450.2,Medium,Moderate
112991,131762,30561,Stock,152.1,142.09,High,Risky
50365,99731,83140,ETF,388.58,297.85,High,Moderate
148444,176290,128102,Stock,351.4,334.34,Medium,Moderate
133569,196961,134967,ETF,340.73,264.06,High,Moderate
137187,168781,102975,Stock,472.43,387.32,High,Moderate
95807,122202,66762,Bond,478.56,440.04,Low,Moderate
148017,77583,49013,MutualFund,395.77,412.85,High,Moderate
83753,183827,57004,ETF,425.77,325.59,Low,Risky
129881,169242,81639,Bond,278.16,205.72,Low,Risky
104886,79177,47123,MutualFund,475.77,441.05,Low,Moderate
147893,190165,55803,MutualFund,419.87,454.31,Low,Risky
76570,128538,114034,ETF,164.15,182.02,Low,Safe
128738,127486,87162,MutualFund,281.11,269.69,Medium,Moderate
92545,105379,70666,Bond,256.19,170.82,High,Moderate
99461,140622,126972,Stock,453.42,347.44,Low,Safe
99742,159031,92376,Bond,456.06,499.08,Low,Moderate
87265,109660,44046,ETF,189.38,191.97,Low,Risky
127521,66649,60838,MutualFund,521.5,366.79,Low,Safe
72565,62642,33928,ETF,311.43,287.05,High,Moderate
93854,56209,44281,Bond,469.55,315.08,Medium,Moderate
123785,75001,59999,ETF,236.25,235.73,Low,Moderate
55890,63823,44024,ETF,528.53,364.75,Medium,Moderate
137688,53679,51353,Bond,294.45,209.65,Low,Safe
146048,172136,107032,Bond,473.56,453.01,Low,Moderate
129171,148817,141589,ETF,430.93,429.57,Medium,Moderate
93117,162715,62951,ETF,684.76,487.29,High,Risky
75884,189113,177969,Bond,184.22,186.21,Medium,Moderate
102176,52097,39136,Stock,360.44,250.11,Low,Moderate
112357,67879,43652,ETF,421.4,353.28,Medium,Moderate
112805,122514,59584,Bond,369.03,356.03,Low,Risky
139075,116182,60146,MutualFund,359.46,246.31,Low,Moderate
60118,92225,66496,MutualFund,273.97,273.14,Low,Moderate
127751,126682,33011,Stock,498.38,395.4,Low,Risky
51896,50351,45990,Stock,297.24,281.36,High,Moderate
99920,102242,97841,MutualFund,531.2,371.03,Medium,Moderate
89777,168920,121319,Stock,138.78,129.76,Low,Moderate
55622,175481,110397,Stock,398.6,350.69,Low,Moderate
84654,87108,47983,ETF,314.75,217.27,Low,Moderate
70876,167568,52821,Stock,427.74,449.28,Low,Risky
105441,182208,83456,ETF,239.92,224.31,Low,Risky
99914,99126,84353,Bond,332.82,242.13,Medium,Moderate
118851,174076,121198,MutualFund,180.02,187.88,High,Moderate
102551,147556,80828,Bond,370.27,336.94,Low,Moderate
56840,165610,144364,MutualFund,456.52,482.24,Medium,Moderate
128697,195952,139995,Bond,187.94,141.89,High,Moderate
133986,193923,52788,MutualFund,328.98,224.27,Low,Risky
74676,132106,49045,ETF,325.84,244.88,High,Risky
110701,76363,59652,Bond,286.6,205.41,Medium,Moderate
89570,77816,56992,Stock,390.02,276.43,Low,Moderate
92286,140297,132251,MutualFund,239.5,243.5,Medium,Moderate
123608,197036,137117,Bond,391.1,415.82,Medium,Moderate
84223,153052,111675,Bond,456.0,364.53,Medium,Moderate
69006,102342,62445,ETF,598.08,466.76,Medium,Moderate
127669,68236,65607,MutualFund,436.16,349.53,Low,Safe
87649,94845,55560,ETF,274.08,203.06,High,Moderate
114846,55114,46523,MutualFund,316.22,320.49,Low,Safe
63927,113009,31978,ETF,302.02,269.57,Medium,Moderate
147484,148780,123565,ETF,156.6,121.45,Low,Safe
144855,122412,105569,Bond,441.84,366.76,Medium,Moderate
66345,53231,46423,Stock,565.14,451.02,Low,Safe
99113,166067,111626,Bond,268.7,185.97,Medium,Moderate
136161,171668,116042,Bond,408.09,329.75,High,Moderate
55969,174609,164158,ETF,691.1,478.7,Medium,Moderate
71361,115762,115718,Bond,200.64,204.49,Low,Safe
98394,52715,34004,Stock,359.11,322.78,High,Moderate
98687,113709,52806,Stock,196.69,135.08,Low,Risky
120614,79862,30063,Bond,377.27,288.14,Low,Risky
51506,165791,141966,ETF,182.81,125.38,Low,Safe
111012,106167,104694,MutualFund,402.64,379.62,Low,Safe
139552,60307,37114,MutualFund,526.79,396.52,High,Moderate
116777,112748,43264,Bond,259.76,206.12,Low,Risky
90307,79032,33629,MutualFund,177.63,132.97,Low,Risky
122168,163927,162385,MutualFund,336.4,316.13,Medium,Moderate
123524,63421,30188,Bond,139.3,110.94,High,Risky
142445,135478,58129,MutualFund,579.42,453.7,Low,Risky
123074,165292,140662,ETF,484.1,465.38,Medium,Moderate
61189,115771,79215,Bond,224.37,194.58,Medium,Moderate
106395,68719,67754,ETF,319.67,270.54,Low,Safe
107160,197673,50586,ETF,404.48,343.48,High,Risky
98154,163030,158752,Bond,343.67,321.8,Low,Safe
100318,175991,115886,ETF,96.75,102.76,Low,Moderate
97908,52751,31236,Stock,432.9,394.68,Low,Moderate
127055,192800,140734,ETF,391.55,367.91,Low,Moderate
128915,136193,68230,Stock,159.26,173.16,Medium,Moderate
130916,164362,93532,Stock,378.48,311.69,Low,Moderate
141265,82835,67096,Bond,544.74,415.51,High,Moderate
69012,114727,37303,Bond,460.31,317.49,High,Risky
50399,87674,41210,ETF,462.39,390.97,Medium,Moderate
57529,174408,89723,Stock,446.78,334.03,High,Moderate
68481,151175,146166,ETF,365.03,246.08,Low,Safe
86402,143079,67143,Stock,501.3,476.29,Low,Risky
78168,158739,133026,MutualFund,404.03,439.38,High,Moderate
131221,175376,106040,MutualFund,224.9,206.59,Medium,Moderate
109049,86575,41900,Stock,294.46,288.32,Low,Risky
141417,94559,79515,Stock,548.2,455.18,Medium,Moderate
80770,55794,42087,Bond,345.88,370.47,Medium,Moderate
77837,114426,92180,ETF,379.62,326.64,Low,Safe
53780,60253,56177,ETF,255.64,274.28,Medium,Moderate
127123,55756,49588,Stock,339.22,351.34,Low,Safe
106620,123509,112328,ETF,247.72,232.34,Low,Safe
73180,148831,110835,Bond,145.5,104.91,Medium,Moderate
89658,193063,91363,ETF,430.16,354.48,Medium,Moderate
118774,137212,45691,Stock,168.66,146.95,Medium,Moderate
107124,172753,143633,Stock,536.14,433.78,High,Moderate
149646,196487,83623,Stock,407.88,330.93,High,Risky
119068,56197,52584,ETF,228.85,177.52,Medium,Moderate
139524,97052,92915,Stock,381.71,333.0,Low,Safe
61146,94422,31399,Bond,131.0,119.69,Low,Risky
86338,75891,39034,MutualFund,705.84,495.92,Low,Moderate
63777,198137,75850,MutualFund,428.4,288.88,Low,Risky
97105,177493,90307,Bond,509.87,437.29,Low,Moderate
93043,163187,59769,MutualFund,98.73,106.18,High,Risky
102719,105975,93491,MutualFund,198.71,164.45,Medium,Moderate
111490,99896,93045,Stock,343.3,376.62,High,Moderate
129920,188053,156349,Bond,502.78,373.81,Medium,Moderate
116829,191349,43362,ETF,400.73,344.38,Medium,Moderate
101319,156995,105286,MutualFund,569.29,465.99,High,Moderate
113395,119542,41097,MutualFund,545.46,439.27,High,Risky
124390,177113,170077,ETF,445.36,397.6,Low,Safe
102866,88611,65315,Bond,344.69,254.68,High,Moderate
113689,147880,67640,MutualFund,395.04,298.41,Medium,Moderate
99621,177509,50756,Stock,187.35,201.49,Low,Risky
81226,92132,72479,MutualFund,218.09,205.53,Low,Moderate
65465,86835,62626,Stock,428.25,403.8,Low,Moderate
121693,146830,67222,MutualFund,565.88,404.59,Low,Risky
109230,157035,139400,MutualFund,530.21,359.08,High,Moderate
62553,187087,61966,ETF,303.1,268.42,Low,Risky
104597,166873,93642,Bond,135.04,108.35,Medium,Moderate
90850,99213,77103,Bond,496.18,422.72,Low,Moderate
98800,173809,152252,MutualFund,462.63,459.16,Medium,Moderate
95295,139268,102731,MutualFund,121.69,117.59,Medium,Moderate
89857,53453,49883,Bond,449.41,460.08,Low,Safe
128335,51529,37498,Bond,458.08,316.49,Low,Moderate
102559,161217,75327,MutualFund,501.9,486.51,Medium,Moderate
78649,52066,31183,MutualFund,464.04,324.35,Low,Moderate
78595,105947,80049,ETF,390.6,345.3,Medium,Moderate
70027,114596,87693,MutualFund,420.78,288.73,Low,Moderate
68841,67932,62398,MutualFund,217.1,198.94,High,Moderate
101724,167653,71015,Bond,367.64,405.36,High,Risky
93741,198760,170001,MutualFund,438.91,364.17,Low,Safe
65275,79615,34970,Bond,188.09,127.93,Medium,Moderate
68821,198120,81425,MutualFund,415.84,356.1,High,Risky
50213,138467,89509,MutualFund,369.09,360.32,Medium,Moderate
84658,67521,32218,Stock,538.79,368.88,Low,Risky
51323,159817,54052,Stock,181.11,151.55,Medium,Moderate
148306,105761,95958,ETF,399.99,426.45,High,Moderate
148400,75634,42908,MutualFund,380.6,265.38,Low,Moderate
117373,95445,72360,ETF,225.3,188.24,Medium,Moderate
136066,110022,92775,Bond,266.61,181.27,Low,Safe
61946,123558,84965,Stock,134.59,121.77,Medium,Moderate
149881,181260,156816,ETF,113.86,115.45,Low,Safe
125410,160087,112469,ETF,116.31,128.51,Low,Moderate
64435,157936,88428,Bond,207.92,139.44,Medium,Moderate
60272,59238,37684,MutualFund,302.18,319.02,Medium,Moderate
56120,77276,70720,MutualFund,318.98,243.81,Low,Safe
55670,72219,68842,MutualFund,151.98,168.35,Medium,Moderate
85594,52244,41028,ETF,386.85,297.21,Low,Moderate
118480,99266,37546,ETF,586.57,403.26,High,Risky
121821,177030,52015,Bond,206.99,174.58,Medium,Moderate
139998,105748,97422,Bond,314.65,259.92,High,Moderate
129364,187644,137582,MutualFund,116.1,113.26,Low,Moderate
147109,125053,34814,MutualFund,229.09,254.18,High,Risky
55261,50359,31558,MutualFund,303.65,261.11,High,Moderate
61693,104785,96977,MutualFund,133.22,114.63,High,Moderate
124084,53940,42126,Stock,262.6,268.49,High,Moderate
80176,193123,145201,Stock,264.59,177.64,Low,Moderate
104411,93711,80198,Stock,210.32,232.82,High,Moderate
66115,186916,99395,MutualFund,464.15,481.61,High,Moderate
79436,76393,60063,Bond,293.0,255.41,Medium,Moderate
129140,103466,36277,Bond,291.76,270.75,Low,Risky
111316,62585,50631,Bond,356.2,387.06,Low,Safe
147627,89458,42358,Bond,330.64,278.63,Medium,Moderate
146756,190752,67731,Stock,197.78,163.09,Low,Risky
132127,157494,141049,Bond,261.52,183.46,High,Moderate
67088,80049,76043,MutualFund,552.95,400.32,Medium,Moderate
71523,102049,86941,ETF,239.72,183.5,Medium,Moderate
87810,112906,83573,MutualFund,546.32,402.9,High,Moderate
96410,115968,114408,Stock,634.22,465.71,Low,Safe
67139,116686,53618,ETF,509.88,460.19,Low,Risky
76340,89798,52082,MutualFund,272.92,264.38,High,Moderate
51181,53164,37756,ETF,553.77,493.87,Low,Moderate
121091,122268,91225,MutualFund,471.72,318.13,Low,Moderate
75527,128716,86946,MutualFund,299.6,214.56,Low,Moderate
77726,99111,96930,ETF,486.01,491.79,Low,Safe
128270,162582,129067,ETF,241.06,256.9,High,Moderate
101087,146061,136976,Stock,507.86,350.81,Medium,Moderate
106368,147597,127719,MutualFund,227.09,169.1,Medium,Moderate
59577,65937,60081,Bond,519.27,408.64,Low,Safe
141757,60942,53851,ETF,258.52,240.61,Medium,Moderate
50403,53433,44849,ETF,257.75,225.37,Low,Safe
134928,133360,55694,Bond,386.21,308.11,Low,Risky
126475,92237,79514,MutualFund,561.52,449.49,Low,Safe
66526,138908,75875,Bond,312.22,325.51,Low,Moderate
139516,109673,85075,Stock,404.01,377.82,Low,Moderate
54972,66429,39689,Bond,493.61,458.21,Medium,Moderate
144556,150414,149174,Bond,476.95,456.45,Low,Safe
58065,86805,59638,Stock,547.63,419.13,High,Moderate
99319,177022,166935,Stock,661.01,454.94,Low,Safe
112339,198427,69763,Bond,215.77,185.64,High,Risky
147071,117656,43824,Bond,168.42,125.2,Medium,Moderate
128289,154600,37654,MutualFund,403.01,277.08,Low,Risky
110554,171900,37328,Stock,175.48,156.75,Low,Risky
80667,102567,102119,Stock,470.91,345.5,Low,Safe
99157,77275,45396,Stock,163.08,153.71,Medium,Moderate
68831,130718,50784,Bond,175.28,184.34,Low,Risky
107882,144363,58433,Bond,578.5,468.51,Low,Risky
70171,98488,71455,Bond,507.22,351.8,Low,Moderate
71401,83366,40866,Stock,548.8,388.51,Medium,Moderate
131899,136559,113816,MutualFund,142.06,132.76,Low,Safe
87612,144120,134061,MutualFund,262.22,261.74,Low,Safe
66336,112921,46873,Bond,652.67,476.28,Low,Risky
122660,106975,96512,ETF,662.63,463.73,Low,Safe
55301,53538,41962,Stock,622.41,440.81,Low,Moderate
86612,162064,66379,MutualFund,266.93,261.1,High,Risky
81995,106911,102275,Bond,327.7,337.09,Low,Safe
123174,116158,72706,Bond,295.0,285.89,Low,Moderate
60319,75195,31440,Stock,405.43,272.43,Medium,Moderate
90471,197985,77951,Bond,173.37,147.24,Low,Risky
98461,102689,86091,MutualFund,215.22,214.69,Low,Safe
100486,117869,49396,Bond,424.97,380.21,Medium,Moderate
99791,148737,130392,MutualFund,453.21,380.54,Low,Safe
92169,159169,143835,MutualFund,206.14,206.6,Low,Safe
109089,153646,114882,MutualFund,125.09,126.52,Low,Moderate
51490,188952,97147,MutualFund,579.09,403.74,Medium,Moderate
90317,131946,124462,MutualFund,636.53,435.7,Medium,Moderate
126383,170867,164308,MutualFund,238.13,206.16,Medium,Moderate
115536,144542,41017,MutualFund,255.14,198.85,Low,Risky
148537,144409,58943,ETF,472.04,451.3,Low,Risky
101376,63241,54234,Bond,173.65,128.35,High,Moderate
126423,192687,77762,Stock,182.4,126.97,Low,Risky
96477,142098,120436,Bond,283.22,191.39,Medium,Moderate
55485,83840,52573,MutualFund,424.24,450.92,Low,Moderate
106857,55101,51196,MutualFund,343.17,247.86,Low,Safe
59405,169755,51586,Stock,151.05,153.4,Medium,Moderate
55302,123627,118571,MutualFund,359.21,288.44,High,Moderate
92247,135479,93371,ETF,265.57,257.62,Medium,Moderate
144581,159879,55065,MutualFund,374.49,328.59,Medium,Moderate
115941,95999,39479,MutualFund,250.63,212.51,Medium,Moderate
115090,51555,37308,Stock,268.87,250.61,High,Moderate
75034,138874,111604,MutualFund,102.89,102.8,Low,Safe
115656,111993,84801,ETF,401.82,287.66,Medium,Moderate
59342,53842,33088,Bond,214.4,184.2,Medium,Moderate
128970,130631,41205,ETF,401.11,404.65,Medium,Moderate
127516,179224,169696,MutualFund,414.49,387.2,High,Moderate
91664,165024,98795,Stock,402.24,355.61,Low,Moderate
65424,185325,125366,MutualFund,178.54,149.71,Low,Moderate
54038,106851,102027,Stock,595.16,468.54,High,Moderate
99551,178353,85263,Bond,192.34,193.1,Low,Risky
54619,157626,149968,Stock,333.75,246.17,High,Moderate
110126,189209,156181,ETF,296.76,319.3,Medium,Moderate
99059,199692,91479,Bond,661.59,478.86,Medium,Moderate
82969,190763,40611,Stock,457.83,365.15,Low,Risky
121416,71441,45858,MutualFund,254.69,250.83,Low,Moderate
91684,186603,162712,Stock,222.18,206.12,Medium,Moderate
94739,162719,115218,MutualFund,143.63,156.77,Medium,Moderate
102950,79509,79281,MutualFund,133.18,114.04,Medium,Moderate
57029,83749,76474,ETF,443.73,400.68,Medium,Moderate
128403,157610,52732,ETF,581.89,441.76,Low,Risky
130538,69566,64728,Bond,152.25,153.74,Low,Safe
66271,168036,112104,ETF,221.2,177.86,Low,Moderate
93311,68494,32623,ETF,475.09,334.98,Low,Risky
67481,131956,120476,Stock,515.99,379.11,High,Moderate
91012,164163,42736,Stock,542.7,414.71,Low,Risky
131396,149524,32216,MutualFund,569.83,495.31,Low,Risky
78006,103247,76780,Stock,399.28,300.83,Low,Moderate
110880,97617,69637,Stock,419.07,319.86,Low,Moderate
96211,115162,38831,ETF,210.86,229.64,Medium,Moderate
138038,145944,114167,Stock,202.02,162.99,Low,Moderate
70504,112976,55809,Stock,502.75,480.67,Low,Risky
112172,59175,35699,ETF,456.71,356.85,Low,Moderate
83660,71003,38088,Bond,259.34,212.16,Low,Moderate
135249,54216,37507,ETF,144.72,152.11,Low,Moderate
125148,73385,30076,Bond,165.37,148.06,High,Risky
137172,119546,66201,ETF,635.3,494.29,Low,Moderate
145751,146272,101441,MutualFund,306.1,297.22,Low,Moderate
94199,103591,64522,MutualFund,448.63,364.99,Low,Moderate
75146,130632,64075,ETF,348.11,283.1,Low,Risky
114750,189525,178927,Bond,367.75,297.35,Medium,Moderate
143778,96727,84366,ETF,368.76,318.29,Low,Safe
135737,188511,105240,Bond,152.11,130.89,Low,Moderate
124912,109751,63250,Bond,441.4,486.95,Medium,Moderate
134799,70886,36887,MutualFund,416.89,335.05,High,Moderate
61257,80523,58783,MutualFund,620.55,430.73,Medium,Moderate
93417,103723,63981,MutualFund,298.98,213.67,Low,Moderate
107367,129924,124163,ETF,445.87,424.85,Low,Safe
61015,103299,88208,MutualFund,177.51,189.37,Low,Safe
56309,143621,135664,Stock,585.42,479.78,Medium,Moderate
54145,67238,43342,ETF,184.65,143.8,High,Moderate
63526,164159,33679,Bond,116.74,107.52,High,Risky
148465,82927,54782,Bond,393.28,269.83,Medium,Moderate
77418,82738,36033,Bond,466.08,369.38,High,Risky
