user_id,transaction_date,transaction_type,amount,category,goal_name,goal_target,goal_saved,goal_deadline,investment_type,investment_amount,investment_date
U016,2025-01-05,debit,4594.21,salary,Wedding,198897,104646,2027-07-02,mutual_fund,19966,2023-02-27
U008,2024-02-09,debit,1581.04,salary,Wedding,273343,272156,2027-10-15,crypto,1528,2024-03-21
U018,2024-06-06,debit,4671.99,entertainment,Education,283181,35641,2026-12-30,crypto,3774,2024-06-11
U001,2024-11-17,credit,660.53,entertainment,Wedding,184495,40440,2026-10-27,stocks,33874,2023-08-15
U010,2024-03-18,debit,3743.11,entertainment,Education,249416,193272,2025-10-19,stocks,23908,2023-12-11
U013,2024-05-03,credit,2796.15,entertainment,Education,154226,20273,2026-01-20,mutual_fund,41594,2023-05-17
U006,2024-09-11,debit,2730.31,salary,Education,188649,116464,2027-06-27,mutual_fund,30063,2023-10-17
U011,2024-06-13,credit,156.84,salary,Car Fund,154381,20796,2025-06-20,bonds,43328,2024-07-11
U017,2025-04-07,credit,1018.93,food,Wedding,248032,152402,2026-04-05,bonds,13009,2024-09-15
U018,2024-02-04,credit,2552.01,salary,Europe Trip,218630,36665,2025-06-17,mutual_fund,33868,2023-08-23
U010,2025-04-14,debit,1098.88,entertainment,Education,211370,63755,2025-08-01,crypto,25136,2023-12-23
U008,2025-04-06,credit,3425.76,utilities,Emergency Fund,254354,227713,2027-04-24,mutual_fund,39930,2025-03-16
U020,2024-05-05,debit,3814.01,salary,Car Fund,158755,76702,2027-12-16,stocks,30371,2024-03-28
U008,2023-04-01,credit,1560.53,food,Car Fund,267666,151677,2026-08-26,crypto,28310,2025-03-18
U012,2024-02-07,debit,1419.91,utilities,Europe Trip,191330,57053,2026-10-07,crypto,25398,2024-06-15
U010,2023-01-15,credit,2432.07,food,Wedding,57156,37812,2025-09-05,mutual_fund,42438,2025-01-22
U006,2024-10-16,debit,2619.58,utilities,Emergency Fund,126323,73421,2025-06-07,crypto,5634,2023-07-01
U019,2023-11-09,credit,2458.69,utilities,Education,108774,50453,2026-03-26,crypto,22841,2023-06-18
U010,2025-03-22,debit,1705.98,utilities,Europe Trip,276111,105703,2027-02-06,crypto,26854,2024-03-02
U016,2023-10-30,debit,1739.74,salary,Car Fund,102230,65324,2025-07-19,mutual_fund,14308,2024-07-25
U013,2024-01-07,debit,381.2,shopping,Wedding,268186,218654,2026-05-09,bonds,28214,2024-02-11
U018,2024-09-21,debit,2951.34,food,Education,299434,42027,2027-02-18,crypto,17249,2025-03-04
U011,2023-07-23,credit,160.03,food,Europe Trip,255568,180220,2027-02-23,bonds,35792,2024-07-23
U004,2024-04-04,credit,4971.77,entertainment,Europe Trip,173908,23729,2026-11-09,crypto,33559,2024-03-02
U010,2023-10-08,debit,1918.9,utilities,Wedding,67805,27878,2025-10-10,crypto,49192,2024-12-08
U005,2024-05-13,debit,2404.02,entertainment,Europe Trip,226645,61172,2027-08-13,mutual_fund,36714,2025-01-11
U007,2023-03-17,debit,1622.85,shopping,Education,274962,153124,2026-07-14,bonds,18861,2024-05-14
U013,2024-12-28,credit,4176.92,shopping,Car Fund,262674,255399,2027-01-24,mutual_fund,1217,2023-09-25
U011,2023-04-25,debit,4425.59,entertainment,Car Fund,105421,821,2025-10-20,crypto,25040,2023-05-18
U017,2025-03-15,debit,1152.88,food,Emergency Fund,195616,137419,2027-12-22,mutual_fund,14075,2024-10-14
U003,2025-03-17,debit,1708.92,salary,Wedding,152357,117791,2026-04-30,stocks,41577,2025-04-21
U009,2025-01-29,debit,4381.47,utilities,Europe Trip,293996,145304,2025-07-14,stocks,39746,2024-05-18
U006,2023-02-08,debit,2607.47,utilities,Car Fund,132454,5702,2026-10-28,crypto,36721,2024-10-01
U001,2025-02-14,credit,350.1,utilities,Car Fund,206299,119048,2027-09-03,bonds,4732,2023-09-06
U009,2024-04-23,debit,2199.47,shopping,Wedding,290861,35174,2027-11-12,stocks,19834,2023-05-02
U011,2023-03-07,debit,1542.68,entertainment,Europe Trip,234911,161536,2026-05-09,crypto,36396,2024-10-11
U015,2023-06-28,debit,3989.75,food,Car Fund,255885,170704,2027-03-04,mutual_fund,38793,2024-10-01
U002,2025-03-17,credit,3184.14,utilities,Emergency Fund,261187,260794,2026-12-13,mutual_fund,3860,2023-05-29
U005,2024-06-07,debit,491.93,utilities,Emergency Fund,195578,151882,2026-10-05,stocks,2190,2024-11-03
U015,2025-04-25,debit,3907.59,shopping,Europe Trip,147487,533,2027-03-18,stocks,22519,2025-02-24
U015,2023-05-12,credit,350.73,salary,Wedding,170520,91451,2027-04-25,bonds,35234,2024-12-24
U010,2024-08-27,debit,3038.15,shopping,Emergency Fund,199879,45937,2026-05-14,bonds,21938,2024-02-02
U013,2024-01-18,credit,583.77,entertainment,Education,110617,5453,2026-08-23,mutual_fund,39940,2025-01-19
U020,2025-04-08,credit,4188.95,utilities,Wedding,222114,63034,2027-02-25,bonds,29829,2025-02-18
U012,2025-02-23,debit,3977.95,rent,Emergency Fund,228811,192927,2026-10-17,stocks,30462,2023-10-19
U007,2025-01-28,credit,2649.59,shopping,Wedding,221506,106521,2026-12-25,bonds,28512,2024-10-25
U004,2023-09-13,debit,3228.59,food,Wedding,205545,32325,2025-10-06,stocks,27675,2023-09-22
U008,2025-03-15,credit,1694.44,salary,Europe Trip,223783,205397,2027-08-17,stocks,2574,2024-11-10
U007,2023-04-03,credit,3149.71,shopping,Wedding,128585,78064,2025-11-11,stocks,46983,2023-08-05
U005,2024-05-16,debit,3575.25,rent,Car Fund,180959,125258,2026-06-28,bonds,25389,2025-04-06
U001,2023-03-14,debit,2568.54,salary,Emergency Fund,167071,109705,2027-09-19,stocks,28196,2023-03-22
U008,2024-10-30,credit,2848.93,entertainment,Emergency Fund,196986,132683,2025-12-11,stocks,1370,2024-01-08
U019,2023-09-18,credit,3854.64,entertainment,Car Fund,77407,56356,2027-01-30,mutual_fund,1101,2024-03-20
U012,2025-03-30,credit,2078.66,salary,Education,132063,125575,2027-08-10,stocks,14656,2023-04-05
U009,2024-06-03,debit,3990.67,rent,Car Fund,162240,31832,2026-10-31,bonds,32956,2023-01-02
U015,2024-03-09,credit,1985.1,rent,Wedding,161365,62026,2026-04-20,stocks,42865,2024-05-14
U005,2024-12-26,credit,1397.64,entertainment,Emergency Fund,54611,25319,2027-12-28,bonds,49156,2025-04-08
U018,2024-03-28,credit,2023.63,food,Wedding,153214,37160,2026-09-28,crypto,2080,2023-09-09
U014,2023-06-27,debit,877.55,food,Education,110035,97271,2027-12-30,stocks,24732,2025-01-16
U010,2025-02-25,debit,3005.36,entertainment,Emergency Fund,239616,1102,2025-09-17,stocks,43226,2024-08-04
U013,2023-09-29,debit,3247.33,food,Europe Trip,164726,141053,2026-05-11,mutual_fund,44067,2024-06-30
U020,2024-08-22,credit,165.14,utilities,Education,50609,9201,2027-12-06,bonds,28689,2023-05-01
U015,2023-09-28,credit,4036.92,shopping,Car Fund,267683,54037,2026-08-27,crypto,37807,2024-08-16
U001,2025-03-27,debit,655.87,utilities,Europe Trip,222253,34095,2027-12-21,bonds,42639,2024-09-20
U019,2023-07-14,debit,1142.66,food,Europe Trip,160374,59990,2027-07-02,stocks,41210,2024-09-26
U014,2023-10-28,debit,1208.77,rent,Car Fund,174846,129027,2026-07-20,crypto,11970,2024-02-18
U001,2023-06-08,credit,3015.78,rent,Emergency Fund,260281,217302,2027-10-17,stocks,8747,2023-05-06
U007,2023-04-15,credit,1543.87,rent,Car Fund,195918,130987,2027-07-26,mutual_fund,46665,2023-02-05
U005,2023-10-23,credit,4736.9,entertainment,Europe Trip,102341,57368,2025-06-22,mutual_fund,38250,2023-10-12
U011,2024-05-24,credit,667.81,entertainment,Car Fund,146927,33542,2026-02-11,bonds,1028,2024-08-03
U018,2025-01-22,debit,4067.34,salary,Car Fund,98349,87095,2027-09-04,crypto,17657,2024-08-29
U002,2024-08-19,credit,4294.92,utilities,Education,169466,18066,2027-02-16,bonds,49632,2023-01-23
U009,2025-03-27,debit,1738.98,rent,Wedding,131016,44989,2026-07-23,stocks,34407,2024-05-04
U001,2024-11-19,debit,2617.15,utilities,Emergency Fund,150551,122826,2025-12-28,mutual_fund,5003,2024-02-26
U007,2024-11-04,credit,477.3,rent,Car Fund,79660,47602,2026-02-26,crypto,47459,2025-03-07
U017,2023-06-02,debit,2410.97,entertainment,Education,259565,160724,2027-09-05,stocks,44505,2025-04-03
U001,2025-02-09,credit,1597.21,salary,Education,79827,9256,2027-07-08,mutual_fund,4799,2023-04-27
U007,2023-10-14,credit,1674.91,salary,Wedding,127251,126700,2025-11-20,crypto,30134,2024-01-26
U012,2023-11-14,credit,4327.77,food,Emergency Fund,216337,24279,2025-07-17,stocks,7400,2024-10-28
U009,2025-04-27,credit,1159.26,utilities,Car Fund,240163,208748,2025-08-15,bonds,15275,2023-12-02
U006,2025-04-16,credit,3551.34,salary,Wedding,268140,51961,2026-11-01,stocks,9998,2024-09-15
U005,2023-12-02,debit,2149.22,rent,Education,195775,10063,2025-10-18,bonds,7474,2023-07-18
U009,2024-06-04,debit,4439.43,food,Education,233264,44439,2025-08-24,bonds,12903,2024-07-01
U015,2024-01-25,debit,1644.11,utilities,Emergency Fund,212517,166013,2026-06-15,bonds,35252,2023-01-22
U008,2024-07-29,credit,1853.77,entertainment,Education,87691,8890,2025-08-16,mutual_fund,47569,2023-05-30
U014,2024-10-29,credit,75.28,salary,Emergency Fund,292441,258104,2026-02-07,bonds,29295,2023-01-05
U014,2024-09-28,credit,4930.44,food,Emergency Fund,135218,90090,2026-11-01,stocks,9011,2023-09-03
U011,2024-06-30,credit,2952.16,utilities,Wedding,152067,81240,2026-10-30,mutual_fund,15682,2023-03-05
U005,2023-01-17,debit,361.65,food,Europe Trip,158316,76745,2026-05-30,crypto,45688,2023-12-24
U016,2023-12-21,credit,3397.82,food,Wedding,145756,127382,2026-04-29,mutual_fund,30382,2023-08-18
U001,2023-04-03,credit,4833.13,food,Europe Trip,246055,2125,2026-06-01,stocks,10699,2024-05-10
U007,2025-01-20,credit,2661.76,rent,Education,190220,143217,2025-09-15,mutual_fund,41274,2025-02-02
U010,2023-04-23,debit,2667.42,shopping,Education,170845,99884,2027-03-20,mutual_fund,43144,2024-12-28
U013,2024-06-29,credit,4163.04,entertainment,Emergency Fund,141282,85452,2025-08-27,mutual_fund,31071,2024-06-02
U004,2023-12-21,debit,305.52,shopping,Emergency Fund,119422,82885,2027-05-24,mutual_fund,19314,2023-07-21
U012,2024-10-05,credit,2537.53,food,Wedding,169976,130132,2026-08-10,stocks,2134,2024-06-21
U011,2023-07-28,credit,2886.36,food,Emergency Fund,67633,28237,2026-06-10,crypto,26023,2023-09-11
U004,2024-05-10,credit,642.57,utilities,Car Fund,259791,164770,2027-08-11,mutual_fund,25792,2024-12-27
U013,2023-01-02,debit,3403.1,shopping,Europe Trip,179004,37689,2026-03-17,bonds,13893,2023-01-12
U012,2023-07-09,credit,4758.95,entertainment,Wedding,180839,134975,2026-12-27,crypto,20046,2023-11-28
U016,2023-12-10,debit,4045.42,entertainment,Education,83487,2967,2026-02-01,bonds,39880,2025-01-24
U020,2024-08-10,debit,2352.26,utilities,Europe Trip,139253,101294,2026-10-22,bonds,11681,2024-10-08
U018,2024-08-05,credit,4997.56,shopping,Europe Trip,167041,74927,2026-08-21,mutual_fund,34567,2025-01-30
U004,2023-04-23,debit,1748.94,entertainment,Europe Trip,168123,133611,2027-12-25,crypto,42108,2024-10-21
U003,2024-02-03,credit,4770.11,food,Emergency Fund,54924,42936,2027-07-13,mutual_fund,41968,2024-08-10
U017,2024-11-28,credit,3676.45,utilities,Europe Trip,182187,181716,2027-10-19,mutual_fund,14245,2023-03-27
U005,2025-03-20,debit,598.23,food,Education,158117,116534,2025-07-04,stocks,5886,2023-09-03
U016,2025-01-30,debit,1426.36,food,Emergency Fund,240499,77280,2026-12-02,crypto,26502,2024-05-17
U018,2024-02-04,credit,412.92,entertainment,Car Fund,166394,80126,2026-05-15,mutual_fund,16188,2024-11-22
U006,2023-04-04,credit,1739.73,salary,Europe Trip,160828,2406,2027-02-06,bonds,4294,2023-08-16
U001,2023-05-13,debit,4851.26,salary,Education,261358,62271,2027-05-27,bonds,5171,2024-01-06
U014,2023-02-13,debit,3146.49,food,Europe Trip,126291,898,2026-02-27,bonds,9631,2024-05-18
U002,2024-05-07,credit,1974.78,utilities,Wedding,243057,70938,2025-11-08,mutual_fund,46849,2023-07-28
U012,2023-11-26,credit,3221.31,entertainment,Wedding,181825,105826,2026-01-16,stocks,8158,2024-08-12
U014,2023-05-11,credit,730.98,salary,Wedding,117871,111668,2026-06-11,bonds,8793,2024-04-26
U014,2024-02-26,credit,291.35,rent,Europe Trip,229491,219318,2027-11-21,mutual_fund,1548,2024-05-15
U008,2023-08-15,debit,4351.14,shopping,Emergency Fund,175540,89634,2025-10-02,stocks,23867,2024-11-09
U020,2023-12-26,credit,2848.64,shopping,Emergency Fund,235695,7529,2027-02-21,crypto,21765,2024-03-27
U012,2023-07-21,debit,3121.61,utilities,Emergency Fund,200406,139501,2025-10-11,stocks,12103,2024-09-17
U017,2023-11-19,credit,3505.48,utilities,Car Fund,99134,64421,2026-03-07,stocks,37957,2023-03-25
U014,2024-05-19,debit,74.03,shopping,Education,83382,24177,2027-03-19,mutual_fund,40158,2024-06-14
U015,2024-05-06,debit,4857.55,entertainment,Wedding,197436,131909,2026-12-30,bonds,49934,2024-08-26
U006,2023-07-29,debit,3397.93,rent,Wedding,216341,28187,2027-07-03,stocks,31855,2024-08-27
U004,2024-03-01,debit,3009.19,food,Education,187579,18087,2026-01-29,mutual_fund,2504,2023-05-06
U012,2024-01-25,credit,3156.27,shopping,Wedding,198014,147052,2025-10-23,bonds,25909,2024-12-26
U017,2024-04-29,credit,3457.05,entertainment,Emergency Fund,187689,122757,2027-06-16,crypto,13522,2023-08-31
U010,2025-01-14,debit,2884.81,salary,Education,118975,84112,2026-12-06,mutual_fund,4168,2023-05-28
U019,2025-02-06,credit,4140.84,utilities,Car Fund,143309,97650,2027-01-29,crypto,14757,2024-08-26
U016,2023-04-08,debit,856.5,utilities,Education,276381,273794,2026-03-25,stocks,41186,2024-03-13
U010,2025-04-02,credit,2776.12,entertainment,Europe Trip,94775,75852,2027-12-03,bonds,38654,2024-11-09
U010,2025-04-25,credit,3324.38,rent,Education,230143,129792,2027-12-19,stocks,12883,2025-04-24
U007,2025-03-21,credit,3074.33,food,Emergency Fund,150415,118757,2027-05-16,stocks,8015,2023-02-04
U010,2023-09-13,credit,4868.62,rent,Education,294148,185868,2026-11-20,crypto,25994,2023-02-09
U013,2023-07-01,credit,1791.12,utilities,Emergency Fund,63395,53532,2026-11-09,bonds,33413,2024-01-29
U010,2023-05-24,debit,2077.57,food,Wedding,167070,150021,2027-02-17,crypto,35349,2024-04-17
U004,2023-11-03,credit,4695.47,rent,Europe Trip,175779,77436,2027-06-24,bonds,36870,2024-11-26
U003,2025-03-03,debit,4337.77,entertainment,Emergency Fund,175724,27617,2026-12-06,mutual_fund,13378,2023-08-08
U002,2025-03-31,debit,959.86,entertainment,Europe Trip,76893,2104,2025-09-30,mutual_fund,32621,2024-06-21
U019,2023-02-10,credit,325.66,food,Education,259590,81777,2026-11-02,mutual_fund,8906,2023-02-26
U013,2024-01-22,debit,524.98,food,Wedding,123174,66450,2027-05-05,bonds,46470,2025-02-22
U008,2025-01-09,credit,4691.24,shopping,Wedding,237843,170018,2026-05-08,mutual_fund,29489,2024-05-22
U011,2024-06-11,debit,1168.19,shopping,Education,85292,71290,2025-09-18,mutual_fund,1785,2024-04-07
U012,2024-04-20,credit,3488.67,shopping,Education,72192,63060,2026-06-14,stocks,13895,2025-02-20
U016,2023-11-02,debit,2348.73,food,Car Fund,287538,271736,2026-03-17,mutual_fund,33614,2023-12-22
U002,2023-10-19,debit,4887.48,utilities,Emergency Fund,167466,51503,2025-12-11,bonds,14922,2025-04-07
U018,2025-03-01,credit,3726.21,food,Europe Trip,182059,42226,2027-05-23,crypto,42418,2023-03-13
U006,2023-08-17,credit,2210.06,utilities,Wedding,215559,157539,2026-09-10,crypto,24003,2024-10-06
U004,2023-01-13,debit,3735.87,entertainment,Education,134370,132221,2027-04-30,crypto,42116,2024-01-26
U016,2024-02-13,credit,4263.05,salary,Europe Trip,288581,258007,2027-11-26,bonds,41351,2024-02-04
U010,2024-05-20,credit,2635.62,utilities,Europe Trip,55719,47059,2026-10-08,crypto,1821,2024-04-10
U002,2025-01-23,debit,448.17,utilities,Wedding,187537,144125,2027-11-09,stocks,25252,2024-04-01
U006,2024-01-24,debit,3662.38,shopping,Wedding,264360,131912,2026-10-31,stocks,21420,2023-07-30
U008,2024-03-13,credit,617.59,rent,Education,282751,113161,2027-02-03,stocks,9598,2024-04-03
U015,2025-03-12,credit,4057.48,food,Wedding,236917,87476,2026-08-07,mutual_fund,45236,2025-03-20
U012,2025-01-17,credit,2791.97,shopping,Car Fund,178585,85282,2027-03-10,bonds,43029,2024-06-26
U019,2024-06-26,credit,1695.46,food,Car Fund,124463,116593,2025-12-07,mutual_fund,26658,2023-05-14
U015,2025-03-30,credit,4625.11,shopping,Europe Trip,297824,53393,2027-03-07,mutual_fund,8314,2023-01-12
U003,2024-07-17,credit,907.11,utilities,Education,134844,11440,2025-12-29,crypto,6401,2023-07-20
U001,2025-04-15,debit,298.25,utilities,Emergency Fund,219501,215752,2026-01-02,stocks,40355,2023-04-26
U017,2025-03-22,debit,2531.89,salary,Europe Trip,258597,146333,2026-08-20,mutual_fund,31035,2024-12-07
U008,2024-12-07,debit,519.92,shopping,Wedding,286398,261852,2027-07-26,stocks,12453,2023-02-01
U009,2025-04-04,debit,3628.02,shopping,Education,119666,61271,2025-12-09,mutual_fund,34264,2024-06-05
U005,2025-01-17,debit,3030.41,utilities,Europe Trip,107791,72719,2026-12-27,bonds,33043,2024-02-06
U005,2023-07-16,debit,3518.93,salary,Wedding,222759,150730,2027-01-15,mutual_fund,49881,2024-11-09
U007,2023-02-05,credit,3367.63,shopping,Education,112236,21757,2026-05-31,mutual_fund,9642,2023-02-06
U002,2025-03-29,credit,4274.18,food,Education,150875,78230,2025-10-02,stocks,37150,2024-11-07
U013,2024-11-01,credit,2636.02,shopping,Wedding,223643,107880,2027-11-09,crypto,29146,2025-01-13
U006,2023-09-15,debit,3171.99,entertainment,Car Fund,205876,19446,2026-11-11,mutual_fund,6729,2023-06-07
U005,2023-03-26,debit,4725.01,food,Wedding,66117,15189,2026-05-01,crypto,21103,2023-06-20
U010,2023-01-28,debit,2266.62,utilities,Education,131680,9993,2025-11-25,stocks,22147,2025-01-11
U004,2024-09-22,credit,2492.8,food,Wedding,196708,138788,2025-06-18,stocks,30709,2025-02-17
U018,2025-02-17,credit,4549.36,utilities,Car Fund,150300,14599,2026-12-08,mutual_fund,4029,2024-03-01
U013,2023-02-16,credit,2497.54,utilities,Car Fund,60288,36481,2026-05-22,stocks,5079,2025-03-11
U007,2024-11-22,credit,749.42,entertainment,Car Fund,82096,6036,2026-03-03,crypto,6920,2023-10-31
U013,2024-07-01,credit,2231.77,rent,Europe Trip,127390,124029,2026-03-14,stocks,38579,2025-02-18
U008,2025-01-23,debit,776.03,utilities,Europe Trip,63056,29927,2026-12-08,bonds,19385,2023-09-17
U004,2024-03-18,credit,77.16,entertainment,Wedding,126534,29057,2026-09-08,crypto,31823,2024-12-16
U015,2024-02-06,debit,4570.05,salary,Wedding,129823,61501,2027-04-19,crypto,41182,2024-06-03
U009,2024-05-17,credit,106.15,entertainment,Emergency Fund,181522,80705,2027-10-04,stocks,35349,2024-02-19
U007,2024-06-24,debit,614.82,salary,Europe Trip,138231,37237,2026-12-11,bonds,16418,2023-08-30
U016,2023-04-06,credit,2263.16,entertainment,Car Fund,122686,117511,2026-04-02,mutual_fund,35524,2024-12-23
U005,2024-08-07,credit,298.14,food,Education,251746,124699,2025-07-12,crypto,20191,2024-04-03
U008,2023-05-15,debit,347.36,shopping,Education,194843,100085,2027-09-29,crypto,7070,2024-10-23
U018,2024-02-07,debit,1253.08,entertainment,Wedding,96739,3444,2026-11-06,crypto,6944,2024-01-18
U001,2024-08-15,debit,4142.67,rent,Car Fund,105696,32157,2026-08-21,crypto,49414,2024-03-12
U005,2024-06-30,debit,2416.73,utilities,Emergency Fund,216592,167057,2025-06-10,mutual_fund,3570,2024-03-17
U014,2024-06-14,debit,3912.39,salary,Education,297268,76913,2026-12-08,stocks,1522,2024-12-23
U011,2023-08-22,debit,1298.0,salary,Emergency Fund,166582,155771,2027-05-06,stocks,38264,2024-08-21
U010,2024-07-14,credit,555.69,entertainment,Car Fund,223678,133226,2025-09-17,bonds,32090,2023-06-05
U003,2024-04-11,credit,120.79,salary,Wedding,201126,145847,2027-08-01,bonds,3085,2024-05-19
U004,2025-04-07,credit,1555.76,utilities,Emergency Fund,251941,179228,2025-07-18,stocks,28480,2024-09-15
U005,2025-02-11,credit,2431.33,entertainment,Car Fund,211991,43495,2026-10-05,stocks,41896,2024-04-10
U007,2023-07-12,debit,2070.32,entertainment,Emergency Fund,137674,97256,2027-11-08,mutual_fund,44341,2024-05-06
U007,2024-03-29,debit,1833.92,entertainment,Education,87266,32353,2026-05-30,mutual_fund,35488,2023-06-15
U011,2024-08-13,credit,3857.93,food,Wedding,272808,89645,2027-10-22,bonds,47085,2023-06-23
U001,2023-12-30,credit,4067.86,rent,Emergency Fund,106468,82497,2027-05-07,mutual_fund,39022,2024-01-02
U009,2024-02-06,credit,2592.97,entertainment,Europe Trip,261907,56951,2027-12-22,stocks,37997,2025-02-11
U013,2023-12-21,debit,4896.56,utilities,Europe Trip,283984,264525,2025-11-14,bonds,27652,2025-02-06
U014,2023-10-18,credit,2697.85,food,Wedding,185650,91855,2027-08-03,stocks,1844,2024-01-25
U010,2024-10-09,debit,3338.96,salary,Emergency Fund,76244,52045,2027-10-11,bonds,6517,2024-11-13
U007,2024-08-23,credit,2188.35,food,Wedding,299941,156247,2026-01-28,mutual_fund,37134,2025-02-22
U014,2023-03-25,credit,1058.69,utilities,Emergency Fund,71078,6212,2027-04-05,bonds,21935,2023-06-26
U020,2023-04-30,debit,3137.08,shopping,Car Fund,145636,4622,2026-04-14,mutual_fund,17772,2025-01-11
U001,2025-02-07,credit,3867.16,entertainment,Europe Trip,166083,34796,2027-07-28,bonds,19748,2023-03-15
U003,2023-10-06,credit,2061.26,utilities,Car Fund,199882,33099,2026-04-23,stocks,34676,2024-02-24
U019,2023-07-26,debit,74.81,shopping,Wedding,263802,29010,2025-06-26,bonds,27560,2023-12-16
U018,2024-10-02,debit,3511.72,entertainment,Wedding,106419,4698,2026-03-09,crypto,33028,2023-01-13
U009,2023-10-19,debit,718.95,utilities,Europe Trip,95362,11520,2025-06-28,crypto,9877,2023-08-29
U009,2023-02-01,credit,833.76,rent,Education,254794,237919,2025-12-05,bonds,16399,2025-01-27
U003,2023-11-26,debit,3560.4,utilities,Wedding,54829,5988,2027-10-20,mutual_fund,44294,2024-07-04
U013,2025-03-28,credit,127.6,rent,Car Fund,131553,128121,2027-04-09,bonds,31990,2023-01-09
U007,2024-07-11,credit,2003.7,food,Wedding,124601,34171,2026-05-22,mutual_fund,37956,2023-04-20
U018,2023-05-10,credit,3445.56,rent,Wedding,102126,12805,2026-11-05,bonds,13247,2023-11-12
U002,2023-06-06,credit,3443.72,rent,Emergency Fund,154607,87313,2026-12-22,mutual_fund,49683,2024-04-20
U017,2024-06-16,credit,616.91,food,Car Fund,252636,34209,2027-05-09,bonds,41075,2023-09-11
U010,2024-10-11,debit,4616.39,rent,Car Fund,255690,203430,2027-12-20,mutual_fund,33625,2025-01-17
U005,2024-08-14,credit,2752.21,rent,Wedding,50464,18288,2025-06-29,mutual_fund,33469,2023-06-19
U002,2024-11-21,credit,175.67,food,Education,274656,220874,2027-06-07,mutual_fund,42985,2025-04-23
U012,2024-01-14,debit,1515.82,food,Car Fund,272559,248743,2027-06-16,mutual_fund,1248,2023-12-17
U004,2023-09-05,debit,3605.88,food,Wedding,202265,7812,2026-05-19,stocks,4303,2024-01-04
U008,2024-03-04,credit,3944.57,salary,Europe Trip,252609,89184,2026-03-09,crypto,45728,2023-12-23
U002,2023-03-06,debit,3042.3,food,Europe Trip,211537,195181,2026-09-04,bonds,11364,2023-05-29
U018,2023-10-25,debit,1632.13,rent,Car Fund,240178,40974,2026-02-24,bonds,42601,2025-02-27
U004,2024-03-18,debit,1749.09,entertainment,Emergency Fund,117708,32594,2027-11-11,mutual_fund,3730,2024-01-06
U013,2024-10-24,credit,1321.69,food,Emergency Fund,248244,38261,2027-12-01,crypto,31364,2024-11-28
U018,2024-05-30,debit,655.09,entertainment,Education,105577,85719,2026-10-14,stocks,11152,2025-03-15
U017,2024-02-01,credit,3335.46,utilities,Europe Trip,81603,14,2025-06-06,crypto,28359,2023-01-31
U017,2024-05-11,debit,3476.26,food,Education,224966,84885,2025-09-27,bonds,40002,2024-01-26
U009,2025-03-20,credit,640.92,food,Education,91801,26345,2025-08-19,stocks,28186,2024-04-12
U004,2023-01-04,credit,2356.37,rent,Emergency Fund,199476,29109,2025-07-19,mutual_fund,38970,2025-02-01
U019,2023-11-22,credit,290.95,entertainment,Car Fund,281627,75016,2027-11-27,stocks,31814,2025-03-19
U020,2024-02-11,debit,1116.0,rent,Europe Trip,113193,101754,2027-04-11,bonds,45202,2024-04-27
U007,2024-07-26,debit,2796.12,utilities,Europe Trip,280860,178210,2026-08-17,mutual_fund,21331,2024-03-12
U006,2023-04-11,debit,1547.9,utilities,Europe Trip,103076,42275,2027-12-11,mutual_fund,41495,2024-11-28
U006,2023-04-23,debit,721.18,rent,Wedding,116097,82387,2026-08-19,bonds,40307,2024-01-26
U008,2024-06-20,credit,3678.53,food,Car Fund,202098,186097,2027-04-28,mutual_fund,46136,2024-08-06
U012,2024-03-02,debit,2011.29,utilities,Wedding,241817,218250,2027-04-26,mutual_fund,19875,2023-04-07
U010,2024-06-16,credit,2194.93,utilities,Wedding,129249,47284,2026-08-23,stocks,25322,2023-07-05
U013,2023-10-08,credit,675.26,rent,Wedding,263195,107466,2026-09-03,mutual_fund,10179,2024-10-29
U001,2024-12-09,debit,2790.86,rent,Europe Trip,154807,134582,2026-07-16,mutual_fund,40470,2023-08-05
U006,2024-09-04,debit,3153.82,shopping,Car Fund,243578,144359,2025-11-07,crypto,37673,2025-04-16
U018,2023-09-02,credit,972.58,salary,Europe Trip,95047,55906,2026-02-04,bonds,45940,2024-04-07
U017,2023-04-26,credit,3751.86,salary,Europe Trip,233730,109908,2025-07-27,stocks,27914,2024-01-07
U004,2023-10-20,debit,4097.92,food,Europe Trip,164029,133996,2025-08-31,bonds,46893,2024-08-18
U001,2024-12-25,debit,2441.14,food,Emergency Fund,198609,73250,2027-01-22,bonds,13653,2023-09-02
U014,2024-04-26,debit,4970.28,utilities,Wedding,271466,12555,2026-01-07,mutual_fund,22819,2023-06-30
U020,2025-03-08,credit,614.41,shopping,Emergency Fund,94249,87340,2026-12-17,crypto,45805,2023-06-24
U009,2024-01-01,credit,1918.1,salary,Europe Trip,233096,213560,2026-05-15,mutual_fund,47038,2024-12-20
U012,2024-06-09,credit,18.94,utilities,Wedding,264102,21678,2026-09-07,bonds,3746,2023-10-18
U004,2023-06-23,debit,4951.08,shopping,Wedding,89270,31770,2026-06-09,stocks,35316,2023-11-24
U007,2023-10-20,credit,3313.66,shopping,Europe Trip,284037,100334,2026-08-11,stocks,45448,2023-12-07
U002,2023-04-01,debit,2925.9,utilities,Education,257707,192808,2026-05-26,stocks,24861,2025-01-16
U014,2024-01-03,credit,2952.53,entertainment,Wedding,62520,16746,2027-08-16,crypto,40294,2023-10-02
U003,2023-09-03,credit,2101.97,shopping,Education,115559,6275,2027-11-19,stocks,27059,2023-03-01
U017,2023-04-01,debit,1245.23,utilities,Europe Trip,184090,54056,2027-05-18,bonds,9305,2024-05-05
U018,2023-05-27,debit,240.33,utilities,Emergency Fund,188671,103778,2026-09-25,crypto,21195,2024-06-29
U015,2024-02-29,debit,2876.69,shopping,Car Fund,252052,82190,2026-12-21,stocks,22400,2023-10-28
U007,2024-03-03,debit,902.95,shopping,Car Fund,161409,155943,2027-05-30,crypto,1759,2024-06-27
U016,2024-03-10,debit,3267.92,utilities,Emergency Fund,167591,80047,2026-04-01,stocks,8460,2023-11-07
U003,2023-10-11,credit,2671.48,entertainment,Wedding,91996,81603,2027-10-25,crypto,34037,2025-04-20
U016,2023-05-24,credit,2956.66,salary,Education,270260,142631,2026-08-17,bonds,9959,2024-12-17
U003,2024-07-31,debit,198.0,entertainment,Car Fund,132894,22981,2026-12-26,stocks,34376,2024-09-24
U003,2023-09-12,debit,1363.31,entertainment,Education,88922,1704,2026-01-29,stocks,21178,2024-12-19
U012,2023-08-15,credit,2767.47,shopping,Car Fund,59631,13210,2025-09-22,stocks,22663,2023-02-24
U019,2024-04-30,credit,334.36,food,Education,117631,36457,2026-01-05,stocks,47746,2024-04-29
U019,2023-12-04,credit,4278.88,utilities,Europe Trip,68056,52298,2026-04-05,crypto,22635,2025-03-13
U013,2023-03-01,debit,4492.31,utilities,Europe Trip,182962,148291,2025-08-18,stocks,10293,2024-09-20
U010,2023-10-12,debit,4531.41,entertainment,Wedding,227328,28230,2025-06-08,mutual_fund,23815,2024-12-22
U018,2024-06-21,credit,1269.61,entertainment,Europe Trip,131185,32594,2026-09-09,stocks,35358,2024-11-28
U006,2024-05-06,credit,4010.75,entertainment,Wedding,248340,143860,2027-01-28,bonds,7852,2023-01-05
U013,2024-10-10,debit,3746.81,salary,Wedding,176132,140192,2026-12-14,stocks,6658,2025-03-05
U017,2023-08-27,credit,961.19,shopping,Education,100528,56255,2026-04-11,stocks,9732,2024-02-06
U001,2024-01-26,debit,406.83,salary,Wedding,195211,65141,2027-06-05,mutual_fund,40005,2025-01-23
U008,2023-08-30,credit,976.99,shopping,Wedding,97043,80464,2027-03-21,stocks,12523,2023-05-21
U014,2023-09-03,debit,4472.32,utilities,Europe Trip,50765,13587,2026-10-17,mutual_fund,42658,2025-01-18
U019,2024-08-08,debit,1948.55,utilities,Education,269122,84240,2026-10-24,bonds,11460,2023-04-18
U020,2023-10-12,credit,3446.68,shopping,Emergency Fund,89594,38170,2026-09-04,bonds,28015,2024-06-28
U020,2023-12-15,debit,302.79,entertainment,Education,182109,46105,2026-07-26,mutual_fund,37710,2023-11-19
U002,2025-03-13,credit,1400.15,rent,Wedding,144406,101717,2026-08-21,stocks,34351,2024-11-01
U006,2023-09-09,credit,643.71,salary,Wedding,58939,10431,2027-01-31,bonds,6269,2024-06-06
U005,2023-08-19,debit,3617.58,food,Wedding,173612,136522,2027-07-25,bonds,6027,2023-10-24
U012,2024-10-26,debit,984.67,rent,Emergency Fund,227257,161638,2027-04-17,mutual_fund,32237,2023-07-22
U008,2023-08-15,credit,1905.68,entertainment,Europe Trip,111684,71947,2025-11-29,crypto,19346,2023-01-08
U018,2024-04-23,debit,2022.78,food,Wedding,244490,2102,2026-04-15,mutual_fund,28254,2023-07-23
U017,2023-01-17,credit,724.03,utilities,Wedding,154670,709,2027-04-09,bonds,23693,2025-03-23
U014,2023-12-22,credit,3393.85,utilities,Emergency Fund,206299,51449,2027-04-01,crypto,5759,2024-08-10
U001,2023-11-12,debit,3094.78,rent,Car Fund,198226,170512,2027-01-16,bonds,6914,2024-02-04
U011,2024-02-23,credit,391.4,utilities,Education,280388,251450,2027-02-09,bonds,39219,2024-10-03
U008,2025-01-16,credit,3249.27,entertainment,Car Fund,280279,59393,2025-09-29,stocks,17797,2023-09-03
U006,2023-10-21,credit,3847.43,salary,Europe Trip,54302,20241,2025-12-21,crypto,47029,2025-03-07
U013,2023-02-12,debit,1040.91,salary,Europe Trip,139681,26043,2025-12-15,mutual_fund,3416,2023-05-04
U007,2025-01-14,debit,877.89,food,Car Fund,51972,43810,2025-06-15,crypto,49760,2025-01-21
U013,2025-04-03,credit,3411.42,shopping,Car Fund,110821,26639,2026-10-21,stocks,34543,2023-11-07
U002,2024-04-30,credit,3873.28,salary,Emergency Fund,170909,5368,2026-10-01,bonds,32694,2024-02-07
U001,2024-12-29,debit,1745.94,food,Education,70323,28347,2026-10-12,crypto,42417,2024-02-15
U001,2024-09-01,credit,1265.1,utilities,Wedding,200218,46475,2027-02-12,mutual_fund,36877,2023-07-09
U001,2024-02-22,credit,3855.92,salary,Europe Trip,96676,58977,2027-10-17,bonds,9531,2023-12-05
U004,2023-09-11,credit,3731.09,salary,Car Fund,180841,70197,2026-02-06,bonds,32343,2024-08-09
U020,2023-11-22,credit,3511.02,food,Car Fund,238449,175157,2026-05-01,bonds,11804,2023-08-11
U004,2023-12-18,debit,4787.07,rent,Education,279585,111362,2027-04-18,stocks,32534,2024-06-07
U002,2024-06-14,debit,1134.35,entertainment,Car Fund,289399,268952,2026-12-08,mutual_fund,4444,2024-08-13
U002,2023-06-23,debit,4999.37,shopping,Europe Trip,232808,208421,2026-05-15,stocks,12653,2024-03-11
U008,2024-07-06,debit,2007.07,food,Europe Trip,265271,185565,2027-12-25,crypto,18315,2025-01-08
U010,2025-03-30,credit,1974.77,rent,Europe Trip,147462,19331,2025-09-05,mutual_fund,24123,2023-11-01
U020,2024-01-06,debit,3079.33,food,Emergency Fund,222554,129334,2026-05-01,crypto,20870,2023-10-13
U007,2023-10-07,debit,3162.18,utilities,Europe Trip,251994,134097,2027-09-03,bonds,37875,2023-05-14
U011,2023-03-06,debit,1819.29,shopping,Education,282647,77643,2026-10-13,stocks,37055,2023-10-11
U007,2023-03-26,credit,326.95,salary,Europe Trip,168333,135363,2027-05-28,crypto,8287,2024-04-08
U005,2023-03-12,debit,1778.07,utilities,Wedding,145271,138162,2026-07-03,mutual_fund,43700,2025-02-08
U020,2025-03-19,credit,2396.0,utilities,Emergency Fund,139115,118602,2027-05-22,bonds,18371,2023-12-28
U019,2023-01-24,credit,4091.85,shopping,Wedding,232268,231326,2025-12-14,bonds,23649,2024-11-10
U019,2023-08-19,credit,3641.2,food,Emergency Fund,255899,78601,2027-03-27,stocks,41392,2023-12-29
U008,2023-03-05,debit,821.17,rent,Emergency Fund,129154,104258,2025-07-19,mutual_fund,24178,2023-08-02
U001,2024-08-29,debit,2712.58,food,Emergency Fund,215140,182616,2026-03-31,mutual_fund,41519,2023-01-21
U019,2025-03-19,debit,850.6,food,Wedding,160396,9582,2027-04-05,mutual_fund,9660,2023-08-28
U002,2024-11-22,credit,4986.59,salary,Wedding,161574,18764,2026-01-18,crypto,6294,2025-03-16
U001,2023-07-06,debit,2236.97,food,Europe Trip,282006,192839,2026-06-12,bonds,38195,2024-10-20
U009,2024-02-27,debit,3599.3,rent,Education,98134,69594,2027-03-27,bonds,19550,2023-07-13
U020,2023-12-23,debit,544.44,shopping,Emergency Fund,130401,23980,2026-05-06,stocks,15124,2024-05-18
U011,2023-05-01,credit,2078.89,food,Emergency Fund,133418,53635,2025-09-09,bonds,17817,2023-04-12
U017,2024-04-14,credit,4978.1,salary,Education,222497,76654,2026-11-16,bonds,26048,2023-05-03
U020,2023-09-03,credit,640.32,shopping,Car Fund,61580,36386,2026-03-11,stocks,47883,2023-09-18
U017,2024-04-29,credit,458.92,rent,Car Fund,284574,202652,2025-07-09,crypto,21788,2024-04-21
U019,2023-12-24,debit,2001.16,utilities,Car Fund,168190,74800,2025-06-11,mutual_fund,48903,2025-04-19
U005,2023-11-25,credit,4602.51,entertainment,Education,141802,92776,2025-11-02,mutual_fund,41647,2024-08-17
U018,2024-05-18,debit,1450.13,rent,Europe Trip,84024,17811,2027-07-19,crypto,29989,2025-04-15
U007,2024-04-23,debit,2828.61,rent,Europe Trip,241388,143180,2026-02-05,mutual_fund,22757,2024-12-13
U009,2024-08-19,credit,236.8,entertainment,Europe Trip,276762,202853,2026-09-20,bonds,19889,2023-06-04
U001,2025-03-13,credit,1165.82,salary,Wedding,241233,240077,2027-03-21,stocks,3655,2024-09-28
U019,2024-06-18,credit,2661.52,salary,Emergency Fund,90853,89048,2027-07-03,crypto,23654,2024-08-10
U008,2023-05-17,debit,2530.87,shopping,Europe Trip,282582,421,2027-02-11,crypto,45368,2024-03-19
U001,2023-07-30,debit,4378.07,salary,Europe Trip,97481,4694,2026-09-04,crypto,45141,2024-08-22
U019,2023-08-29,debit,3676.23,shopping,Europe Trip,126225,5834,2027-08-18,bonds,30215,2024-10-11
U009,2023-02-11,debit,3165.62,shopping,Europe Trip,146194,129988,2027-07-19,mutual_fund,30332,2025-03-02
U011,2024-05-27,debit,4185.21,shopping,Car Fund,278069,149783,2027-02-28,stocks,45318,2023-09-09
U004,2024-05-18,credit,2625.16,rent,Education,179610,10226,2027-07-31,mutual_fund,6591,2024-02-24
U008,2023-05-19,credit,725.73,food,Emergency Fund,230845,190205,2027-03-31,mutual_fund,20261,2024-06-17
U002,2023-12-21,credit,610.21,salary,Car Fund,177652,50636,2026-01-25,stocks,45039,2023-04-10
U006,2024-01-08,credit,2313.13,salary,Education,250201,9970,2025-10-08,bonds,23745,2025-03-21
U020,2024-09-28,debit,4571.11,utilities,Europe Trip,56981,34485,2027-08-26,stocks,16198,2023-04-23
U004,2024-03-09,credit,943.56,shopping,Europe Trip,288110,18036,2025-12-15,stocks,7240,2023-01-30
U019,2024-08-08,debit,1206.37,salary,Europe Trip,146379,83809,2026-01-02,stocks,44793,2025-01-18
U013,2024-04-20,credit,2264.12,rent,Wedding,253998,54399,2027-07-04,mutual_fund,2105,2025-04-06
U016,2025-04-26,credit,850.5,utilities,Wedding,85175,51548,2025-11-29,crypto,14538,2024-09-02
U019,2024-03-25,debit,912.94,salary,Education,64793,62722,2025-06-02,crypto,1682,2023-07-31
U011,2023-11-19,credit,1766.41,salary,Emergency Fund,189889,5770,2025-12-11,bonds,26813,2023-10-24
U012,2025-04-28,credit,338.37,food,Education,216818,37475,2027-10-27,mutual_fund,11123,2023-10-02
U014,2024-05-18,debit,1831.53,entertainment,Europe Trip,187840,12376,2025-07-22,bonds,25505,2023-04-30
U013,2023-05-03,credit,1374.86,salary,Education,270416,154927,2027-06-02,crypto,35439,2023-09-07
U015,2024-06-26,debit,3839.32,rent,Wedding,258949,32232,2025-11-18,mutual_fund,45524,2025-04-13
U016,2024-11-18,debit,4233.82,entertainment,Europe Trip,87692,72527,2026-01-24,crypto,45111,2024-01-14
U005,2025-03-03,debit,3959.63,entertainment,Emergency Fund,96883,4488,2027-07-05,bonds,31781,2023-09-14
U001,2023-07-10,credit,2316.13,shopping,Wedding,260470,188460,2027-12-21,mutual_fund,37628,2025-03-20
U015,2024-09-02,debit,3536.15,rent,Wedding,154628,148391,2027-08-21,crypto,40690,2023-01-29
U003,2024-09-03,credit,4141.13,entertainment,Europe Trip,263648,17912,2026-11-19,crypto,33415,2025-01-31
U013,2023-09-17,credit,4546.98,salary,Europe Trip,145287,30532,2025-10-17,stocks,16552,2023-03-26
U004,2024-08-13,debit,4677.51,food,Europe Trip,76584,61678,2027-03-28,crypto,35671,2024-04-23
U017,2023-09-12,debit,929.13,food,Car Fund,211447,149576,2025-11-29,crypto,11907,2024-11-19
U020,2024-12-31,debit,1456.9,food,Wedding,127851,50719,2027-04-18,mutual_fund,27263,2025-03-27
U001,2024-03-11,credit,4904.68,utilities,Wedding,271570,137156,2025-09-02,bonds,25933,2024-03-30
U009,2024-09-09,credit,4437.14,utilities,Education,164697,30328,2025-12-22,crypto,29900,2023-12-08
U008,2025-01-09,credit,3317.58,salary,Education,274324,4101,2026-05-31,bonds,6779,2024-07-30
U001,2024-10-08,debit,563.03,salary,Wedding,136090,120566,2026-01-05,crypto,36953,2024-06-09
U013,2024-12-11,credit,4820.12,salary,Car Fund,187413,145089,2026-06-02,crypto,38320,2023-02-11
U003,2023-10-30,debit,1019.56,utilities,Education,129901,116840,2027-11-27,mutual_fund,45205,2023-05-27
U020,2024-11-29,credit,4915.89,food,Wedding,102146,15397,2027-02-28,mutual_fund,15434,2024-11-03
U003,2024-12-10,debit,2812.2,entertainment,Car Fund,126981,83131,2026-11-18,bonds,48440,2024-11-06
U002,2023-08-19,credit,1527.51,salary,Emergency Fund,105829,51945,2026-04-23,bonds,14831,2025-04-02
U002,2023-08-29,debit,2896.46,salary,Education,204517,60823,2027-10-20,stocks,26364,2023-08-20
U016,2025-03-28,credit,4227.48,rent,Wedding,132985,37354,2026-04-06,bonds,26920,2024-11-25
U010,2025-04-03,debit,1054.75,utilities,Car Fund,102271,29130,2026-09-21,stocks,34307,2025-04-10
U012,2023-10-19,debit,281.43,food,Wedding,201823,166320,2026-11-16,crypto,28712,2024-03-03
U003,2024-05-27,credit,1351.25,salary,Emergency Fund,147924,93683,2025-12-30,bonds,27617,2023-10-21
U020,2024-09-03,credit,3269.38,shopping,Emergency Fund,242230,85967,2027-07-21,mutual_fund,28830,2023-07-05
U010,2023-07-07,debit,4307.48,shopping,Wedding,106788,51988,2027-09-11,crypto,12189,2024-09-14
U005,2024-07-19,debit,697.92,food,Emergency Fund,283361,202875,2027-02-23,stocks,46653,2024-05-30
U017,2024-04-01,debit,37.08,rent,Wedding,286668,168332,2027-07-19,stocks,24396,2023-12-02
U018,2023-09-13,debit,1962.01,utilities,Car Fund,234322,54392,2027-12-30,crypto,34386,2024-07-20
U019,2024-07-10,credit,2998.35,utilities,Europe Trip,134289,83553,2025-08-12,mutual_fund,26654,2023-03-30
U016,2023-09-09,credit,4755.99,utilities,Europe Trip,225469,168440,2027-10-30,stocks,24515,2024-04-28
U013,2023-10-18,debit,66.69,entertainment,Wedding,178002,171828,2027-12-10,bonds,8797,2024-04-21
U013,2023-12-07,debit,4509.72,rent,Emergency Fund,249278,16092,2026-07-29,stocks,10320,2023-04-17
U020,2024-01-10,credit,4417.25,shopping,Car Fund,226331,168772,2026-07-27,stocks,14045,2024-04-18
U011,2024-06-19,credit,2657.23,rent,Europe Trip,93929,61229,2025-06-14,crypto,43151,2023-06-29
U016,2023-01-14,debit,4735.18,utilities,Car Fund,131381,81402,2026-08-15,mutual_fund,5544,2025-01-18
U005,2024-08-01,debit,3797.21,utilities,Wedding,102640,100071,2025-12-29,stocks,23699,2024-11-22
U003,2023-07-27,credit,516.13,entertainment,Education,84136,5596,2027-09-15,crypto,28972,2024-05-23
U008,2023-04-05,debit,1868.87,food,Wedding,51239,8572,2026-02-01,stocks,48997,2023-04-21
U014,2024-09-23,debit,1533.89,food,Europe Trip,179644,71133,2026-12-21,crypto,9734,2023-08-21
U011,2023-07-31,credit,2508.93,food,Europe Trip,68701,11832,2027-11-05,bonds,10975,2024-06-08
U008,2025-04-16,credit,103.47,rent,Education,59522,22695,2026-09-29,crypto,31144,2023-01-22
U015,2023-09-02,debit,1972.91,food,Europe Trip,132081,49505,2026-09-14,stocks,25432,2023-10-22
U017,2024-08-17,debit,1002.53,salary,Wedding,59840,59627,2025-11-13,bonds,33048,2024-08-25
U001,2023-08-07,credit,533.25,entertainment,Emergency Fund,60796,22882,2025-06-09,crypto,45744,2024-09-20
U005,2024-02-29,credit,1988.3,shopping,Emergency Fund,283255,158252,2026-03-07,crypto,2789,2025-04-15
U008,2025-04-25,debit,3509.96,salary,Car Fund,257043,203793,2026-06-11,bonds,31647,2025-01-16
U006,2024-03-11,credit,251.54,rent,Europe Trip,175947,94331,2027-06-11,stocks,12252,2025-02-05
U018,2024-11-02,debit,3982.16,rent,Car Fund,147590,131309,2025-12-29,bonds,16659,2023-08-09
U004,2023-07-14,credit,2693.82,rent,Education,286268,25465,2025-09-28,bonds,45266,2024-02-02
U017,2024-10-11,credit,3521.0,shopping,Wedding,204929,96417,2025-12-12,crypto,1523,2024-03-21
U018,2023-06-24,debit,2448.14,shopping,Education,100703,82110,2027-09-08,mutual_fund,32882,2025-02-25
U003,2023-11-28,credit,3205.26,food,Emergency Fund,96823,232,2027-01-15,mutual_fund,5694,2024-12-19
U004,2025-04-19,credit,969.3,food,Education,275785,109242,2026-04-29,bonds,35813,2024-06-11
U009,2024-07-31,debit,1848.07,food,Wedding,176384,46435,2026-03-07,mutual_fund,33495,2023-10-03
U011,2023-11-19,credit,4503.38,utilities,Europe Trip,195278,164742,2026-02-28,bonds,46960,2024-02-23
U008,2023-05-18,debit,1381.55,rent,Wedding,180817,92304,2027-03-30,mutual_fund,32406,2023-01-19
U014,2024-05-29,debit,3508.65,entertainment,Wedding,291857,126308,2026-10-31,crypto,46821,2025-03-14
U007,2024-12-26,credit,1538.03,food,Education,83889,5508,2026-01-06,mutual_fund,38240,2024-10-12
U020,2023-10-10,credit,4359.51,utilities,Emergency Fund,223294,11951,2026-05-07,mutual_fund,42088,2023-01-25
U018,2025-02-20,debit,749.12,food,Europe Trip,56427,29251,2027-05-24,mutual_fund,11269,2024-03-14
U001,2024-01-26,debit,2994.09,food,Car Fund,118787,84266,2027-11-19,stocks,39715,2024-10-26
U007,2025-01-24,debit,4758.16,entertainment,Europe Trip,254368,253387,2025-12-29,mutual_fund,12916,2023-04-23
U008,2023-04-19,debit,4598.29,rent,Wedding,275669,228970,2026-08-15,crypto,5625,2024-04-03
U014,2024-11-18,debit,3642.12,entertainment,Wedding,211239,19587,2027-09-02,mutual_fund,16941,2023-07-24
U010,2023-03-21,debit,2177.55,salary,Emergency Fund,258144,17254,2027-01-01,mutual_fund,18126,2024-12-02
U009,2023-06-10,debit,3018.59,food,Emergency Fund,198203,25123,2026-03-23,stocks,7446,2025-03-21
U015,2024-02-21,debit,2824.46,salary,Emergency Fund,76388,17018,2025-12-31,crypto,34009,2023-07-18
U010,2024-07-14,credit,2854.15,rent,Europe Trip,127473,34966,2027-08-19,stocks,7782,2024-01-14
U002,2024-06-23,debit,743.31,shopping,Emergency Fund,278432,259990,2025-07-11,mutual_fund,36706,2023-11-08
U015,2023-10-12,credit,3805.94,entertainment,Europe Trip,280981,27877,2026-09-28,bonds,49239,2023-08-30
U004,2025-02-11,credit,3205.46,entertainment,Wedding,220684,26259,2027-12-16,crypto,22876,2023-04-10
U017,2024-12-24,debit,2009.99,utilities,Car Fund,179389,49690,2025-07-01,bonds,15875,2025-02-17
U002,2023-11-06,credit,4152.67,shopping,Emergency Fund,67454,43574,2027-05-01,crypto,12148,2025-04-21
U003,2023-01-28,debit,983.02,salary,Emergency Fund,142223,4056,2026-09-09,mutual_fund,23254,2023-01-20
U006,2024-01-25,credit,3449.12,food,Wedding,259551,120010,2027-03-03,stocks,5258,2023-01-01
U016,2025-02-18,debit,3676.82,shopping,Wedding,198834,52542,2027-07-09,stocks,20978,2024-05-07
U016,2025-01-12,debit,4804.36,salary,Car Fund,231739,158751,2027-08-18,mutual_fund,26593,2025-01-03
U003,2024-02-28,credit,665.27,entertainment,Europe Trip,199346,183455,2027-04-25,crypto,16167,2023-12-01
U020,2023-01-24,debit,2324.72,shopping,Car Fund,263822,24223,2026-12-31,mutual_fund,38714,2024-03-05
U011,2024-09-14,credit,564.25,utilities,Europe Trip,217006,149609,2027-06-30,mutual_fund,2336,2024-04-17
U003,2025-02-17,debit,544.74,shopping,Car Fund,60611,8368,2027-05-01,mutual_fund,27025,2023-06-09
U018,2024-05-04,credit,2279.2,shopping,Car Fund,235584,54170,2027-11-19,bonds,43174,2023-10-16
U003,2025-02-02,credit,1006.68,food,Education,252602,167760,2027-03-14,bonds,6355,2024-01-01
U012,2023-06-17,credit,1130.76,rent,Car Fund,223188,199695,2027-07-28,stocks,8013,2023-05-18
U014,2024-06-29,credit,581.5,shopping,Europe Trip,175509,62587,2026-09-29,stocks,11222,2025-01-31
U009,2023-10-17,credit,3072.5,food,Car Fund,51003,11234,2027-02-22,crypto,21312,2024-02-20
U020,2023-06-24,debit,2184.9,rent,Wedding,175877,170124,2027-02-25,stocks,29160,2023-12-31
U012,2024-08-15,debit,4177.52,salary,Wedding,85836,7086,2025-12-17,bonds,29439,2025-01-02
U009,2023-03-10,credit,780.61,utilities,Wedding,112354,8205,2025-08-08,bonds,10458,2023-03-21
U014,2024-05-15,credit,1471.73,entertainment,Europe Trip,241211,12763,2027-05-03,bonds,48811,2025-04-14
U014,2024-04-16,credit,2366.0,entertainment,Car Fund,64457,3358,2027-03-05,crypto,22505,2023-03-05
U015,2023-08-22,debit,1381.74,rent,Emergency Fund,65976,55636,2025-08-09,mutual_fund,4798,2024-11-23
U005,2025-03-19,debit,4156.17,entertainment,Emergency Fund,254790,111359,2026-11-16,mutual_fund,33437,2025-01-17
U015,2023-08-07,credit,3135.5,salary,Europe Trip,147538,35853,2025-12-05,bonds,47563,2024-06-21
U016,2023-07-16,credit,718.33,shopping,Emergency Fund,244541,85719,2026-01-04,bonds,17683,2023-06-30
U006,2023-10-19,debit,63.59,entertainment,Emergency Fund,131562,118894,2027-04-02,crypto,14916,2024-10-22
U004,2023-09-21,credit,4077.38,utilities,Emergency Fund,188124,97067,2025-08-24,stocks,19446,2024-07-27
U016,2023-07-28,debit,4339.21,rent,Emergency Fund,250490,229409,2027-08-17,bonds,36929,2024-04-02
U014,2024-09-20,credit,2942.68,utilities,Europe Trip,122746,94580,2027-03-12,bonds,24946,2024-05-26
U001,2023-11-28,debit,1022.25,rent,Wedding,151592,35283,2025-09-12,stocks,47682,2025-03-03
U019,2024-11-07,credit,1905.4,utilities,Education,67285,12578,2027-11-03,stocks,31983,2023-08-04
U009,2024-09-07,debit,1276.4,food,Wedding,247368,113408,2027-07-20,mutual_fund,35427,2024-10-06
U008,2024-06-26,credit,4815.56,food,Europe Trip,274253,267940,2025-07-21,crypto,11612,2024-11-20
U018,2024-05-30,debit,101.72,utilities,Education,185530,112529,2025-11-20,stocks,21803,2025-02-18
U020,2023-02-09,debit,3764.49,shopping,Car Fund,130302,56960,2027-12-13,crypto,16442,2023-07-05
U018,2025-03-10,debit,1364.52,shopping,Education,190009,154856,2026-05-01,bonds,41946,2023-09-16
U019,2024-06-10,credit,4473.8,shopping,Emergency Fund,63245,59970,2027-05-13,mutual_fund,23531,2025-01-19
U007,2024-05-03,debit,1388.82,shopping,Europe Trip,196373,148194,2027-02-22,mutual_fund,47223,2024-02-23
U006,2024-01-17,credit,784.08,entertainment,Wedding,68116,28139,2027-07-13,crypto,13776,2023-03-16
U015,2024-11-03,credit,521.77,food,Wedding,280726,113536,2027-11-08,crypto,32649,2024-09-13
U010,2024-06-07,debit,4693.87,rent,Europe Trip,115918,94826,2027-08-20,mutual_fund,11707,2023-08-28
U016,2023-06-27,credit,1673.96,utilities,Europe Trip,178387,17802,2027-11-30,crypto,24744,2023-01-06
U018,2025-03-29,debit,1285.67,rent,Car Fund,93106,23153,2027-06-08,stocks,30212,2023-02-12
U014,2025-02-07,credit,730.57,food,Europe Trip,237233,193885,2027-02-02,mutual_fund,19185,2025-02-21
U016,2025-04-11,credit,2318.47,entertainment,Car Fund,163916,31942,2026-09-12,stocks,5610,2023-07-12
U018,2024-09-03,debit,1010.15,food,Europe Trip,198809,1260,2027-10-05,bonds,28864,2023-03-05
U018,2024-12-15,debit,107.62,rent,Car Fund,267449,99728,2027-12-19,mutual_fund,11044,2025-03-29
U010,2024-06-22,credit,2893.6,food,Education,256237,23304,2026-04-08,mutual_fund,20194,2024-07-31
U014,2024-06-14,credit,3460.63,utilities,Education,221677,35853,2027-11-22,crypto,11441,2023-04-21
U009,2025-02-02,debit,4175.05,salary,Europe Trip,171239,62758,2027-10-12,stocks,38930,2024-09-06
U003,2024-12-19,credit,129.57,utilities,Emergency Fund,155874,60207,2027-03-08,crypto,14257,2023-08-15
U004,2024-05-09,credit,3794.59,food,Car Fund,163295,149883,2027-02-03,stocks,43187,2025-02-11
U001,2023-01-24,credit,1372.14,rent,Europe Trip,203495,157959,2026-11-15,crypto,44359,2025-03-26
U013,2025-03-19,debit,144.53,utilities,Education,223697,24728,2026-10-17,stocks,15424,2023-10-21
U017,2025-02-09,credit,1998.11,shopping,Education,149892,113336,2026-06-12,bonds,30832,2024-11-05
U012,2024-07-09,debit,3153.91,utilities,Europe Trip,296002,84967,2026-06-23,mutual_fund,22104,2023-12-01
U018,2024-07-11,credit,4072.78,entertainment,Wedding,102322,26489,2025-07-17,mutual_fund,35278,2025-01-24
U011,2023-12-15,credit,109.72,rent,Wedding,194522,113233,2027-04-25,mutual_fund,45115,2024-05-10
U002,2023-05-01,debit,1414.04,utilities,Education,141257,13228,2027-02-03,mutual_fund,8814,2023-05-04
U018,2025-03-02,debit,1920.3,utilities,Car Fund,218474,10620,2026-10-03,bonds,4634,2023-01-28
U018,2023-04-07,debit,2518.66,food,Emergency Fund,116889,84355,2025-12-08,stocks,15672,2023-05-10
U010,2023-05-22,credit,1178.54,utilities,Europe Trip,83820,71238,2027-01-17,mutual_fund,41378,2024-09-03
U005,2023-04-05,debit,2490.76,rent,Education,68522,10571,2026-11-09,crypto,17925,2023-01-14
U002,2024-09-06,credit,3570.03,rent,Education,162394,71559,2027-03-20,bonds,13239,2025-03-27
U005,2024-09-07,debit,4166.19,utilities,Europe Trip,270139,102021,2026-01-30,mutual_fund,12552,2023-07-30
U006,2023-08-26,credit,331.3,utilities,Education,112458,75695,2027-01-17,mutual_fund,41812,2023-03-02
U011,2023-05-06,credit,3028.8,shopping,Education,182894,119529,2025-08-04,crypto,13139,2023-05-20
U003,2024-06-25,credit,2198.51,rent,Wedding,123842,52864,2026-07-25,stocks,31723,2025-04-06
U014,2023-07-09,debit,3997.12,utilities,Car Fund,83899,60119,2026-04-12,bonds,7278,2023-06-07
U012,2024-10-20,credit,3909.58,utilities,Car Fund,270573,162345,2026-02-04,mutual_fund,7369,2023-02-06
U020,2023-11-29,credit,437.77,food,Car Fund,132377,2564,2026-02-10,stocks,49750,2024-04-21
U016,2023-08-08,debit,4476.08,shopping,Europe Trip,192764,8417,2027-10-18,stocks,41004,2023-07-15
U014,2024-12-06,debit,4159.55,food,Wedding,200598,21285,2026-03-29,stocks,15852,2025-02-17
U019,2024-09-17,debit,426.66,shopping,Europe Trip,102298,29898,2027-12-12,mutual_fund,32400,2024-02-10
U005,2024-02-18,credit,2241.31,shopping,Europe Trip,142035,28074,2025-12-03,bonds,12070,2024-10-02
U018,2025-02-26,credit,2591.41,salary,Wedding,243122,121332,2026-02-03,bonds,8123,2023-01-15
U005,2024-05-11,credit,921.21,shopping,Emergency Fund,277884,268078,2027-06-05,crypto,41253,2023-03-14
U005,2023-11-15,debit,4637.02,food,Car Fund,76030,32754,2027-02-04,mutual_fund,44324,2025-01-29
U002,2025-03-11,credit,4892.71,salary,Wedding,60163,57831,2027-08-22,mutual_fund,25753,2023-04-28
U019,2024-07-24,credit,2824.93,shopping,Europe Trip,53267,18337,2026-04-18,stocks,14169,2025-04-29
